vital_id,patient_id,measurement_date,blood_pressure,heart_rate,respiratory_rate,temperature,oxygen_saturation,blood_sugar
1,411,2024-12-25,129/82,79,15,36.7,97,70
2,8,2025-01-28,172/87,60,16,35.9,97,70
3,429,2024-06-13,118/64,80,18,36.2,98,73
4,365,2022-10-30,130/73,86,10,36.1,95,106
5,327,2023-04-20,131/82,67,10,36.6,99,180
6,461,2023-06-09,111/73,79,14,37.2,96,92
7,519,2024-03-19,137/83,92,14,37.2,94,70
8,974,2024-07-29,145/80,88,16,36.6,95,99
9,339,2023-12-15,147/80,85,18,36.1,99,90
10,682,2022-10-03,114/100,83,13,36.6,98,150
11,536,2022-09-13,120/102,55,15,36.2,97,85
12,409,2024-06-13,105/97,96,17,36.4,96,122
13,336,2023-04-01,126/78,83,19,36.5,96,70
14,777,2024-05-07,125/101,58,20,36.3,97,127
15,910,2023-12-21,114/82,78,13,37.0,97,70
16,361,2025-01-27,102/60,75,21,36.1,99,112
17,990,2024-11-14,104/95,70,24,35.8,97,95
18,261,2024-01-14,119/87,120,17,36.6,95,70
19,442,2024-08-01,143/74,114,19,36.8,98,112
20,6,2025-05-02,106/62,66,15,36.3,95,77
21,54,2024-04-09,140/87,77,18,36.0,96,109
22,537,2024-02-07,99/81,56,10,37.0,100,81
23,346,2023-11-23,90/60,102,16,36.3,97,70
24,806,2023-02-01,132/100,63,25,36.5,100,109
25,425,2023-02-02,126/98,86,17,35.6,94,113
26,544,2022-12-15,149/81,66,10,36.2,98,74
27,136,2024-07-15,100/79,96,18,36.7,98,116
28,700,2025-03-12,117/75,86,15,36.0,100,70
29,366,2025-02-25,150/85,60,16,36.4,99,123
30,425,2024-04-13,129/87,73,23,37.2,97,124
31,362,2024-08-21,134/77,69,20,36.6,98,142
32,333,2025-01-20,170/74,71,16,36.6,98,85
33,158,2024-11-11,94/97,84,14,36.8,100,76
34,914,2024-08-20,124/66,73,18,36.0,97,123
35,883,2024-07-04,131/68,80,18,36.7,100,82
36,267,2025-02-28,128/68,50,19,36.6,97,70
37,789,2023-12-02,136/64,89,17,35.9,98,179
38,603,2023-08-22,143/71,85,10,35.9,97,116
39,484,2022-09-27,136/88,82,10,36.6,99,113
40,304,2025-05-04,123/83,79,10,37.2,97,121
41,148,2023-02-09,90/96,57,26,37.7,95,124
42,869,2023-01-07,99/73,65,17,36.8,95,113
43,207,2024-10-15,115/61,68,22,36.4,94,124
44,542,2024-03-19,101/82,72,23,36.5,95,85
45,935,2023-11-09,95/77,101,20,37.6,98,104
46,437,2025-04-22,100/82,73,19,36.0,98,70
47,525,2023-03-07,126/86,50,10,36.0,97,70
48,239,2023-01-04,147/84,83,10,37.2,99,79
49,326,2023-01-20,90/79,68,14,36.2,99,70
50,482,2022-12-03,148/89,78,15,37.1,97,91
51,43,2023-04-23,142/100,60,17,36.1,99,76
52,66,2024-02-01,144/78,75,22,36.2,99,80
53,21,2022-09-01,143/97,71,10,36.3,100,82
54,252,2024-03-17,155/73,65,19,36.9,99,100
55,199,2025-03-24,140/89,92,13,37.1,96,95
56,904,2023-08-11,116/70,50,20,36.2,97,78
57,306,2023-01-31,114/74,94,13,37.5,100,85
58,960,2024-08-08,126/85,87,19,36.7,96,119
59,158,2022-10-14,115/60,80,13,36.4,98,70
60,218,2023-12-02,122/76,61,16,35.8,98,114
61,659,2024-03-14,126/87,92,15,37.1,97,79
62,63,2024-11-13,112/82,91,16,36.3,100,70
63,47,2023-02-13,106/88,101,17,36.7,97,116
64,711,2024-06-03,122/72,70,12,36.6,98,149
65,749,2025-03-21,108/78,93,23,36.8,97,85
66,554,2023-08-22,90/70,76,15,36.9,97,78
67,754,2023-11-09,126/105,70,16,37.0,96,138
68,229,2025-04-08,90/75,70,16,35.6,100,112
69,624,2023-03-06,142/96,63,10,37.2,97,70
70,894,2024-07-29,131/104,73,19,36.1,94,127
71,765,2025-02-28,130/75,100,10,36.0,96,89
72,218,2024-08-07,149/80,72,10,37.1,95,70
73,685,2023-09-25,111/81,64,18,36.5,100,115
74,13,2023-09-20,155/75,87,10,38.0,99,91
75,789,2024-02-21,114/77,102,19,36.4,95,135
76,654,2025-03-03,136/87,73,14,37.4,100,119
77,844,2023-08-27,139/82,54,12,37.2,100,131
78,488,2023-09-07,126/90,74,18,36.5,95,125
79,497,2022-12-03,145/104,78,11,36.4,97,104
80,865,2022-10-11,129/83,86,16,35.5,98,102
81,841,2022-11-05,131/76,78,18,36.5,99,102
82,590,2022-11-23,123/60,57,11,36.7,100,96
83,499,2024-12-22,136/86,77,18,36.7,97,111
84,861,2024-08-03,148/84,78,12,37.3,95,70
85,345,2024-12-04,127/71,91,10,37.1,99,103
86,569,2024-08-07,90/62,78,15,37.0,97,95
87,113,2024-10-07,90/88,65,14,36.1,94,144
88,372,2024-04-06,135/88,71,10,37.7,98,104
89,625,2024-08-06,112/60,92,11,36.9,99,110
90,540,2025-04-26,129/93,63,16,36.5,94,108
91,306,2024-06-18,145/93,102,10,37.4,98,148
92,937,2025-03-27,112/74,56,19,36.9,95,70
93,476,2024-10-12,128/85,60,11,36.9,100,85
94,363,2023-03-30,102/82,84,14,37.6,99,88
95,789,2024-04-18,90/93,92,14,36.8,97,115
96,770,2023-06-02,99/68,87,19,36.4,96,134
97,504,2024-07-07,105/80,73,10,36.7,98,110
98,522,2022-08-16,123/101,92,16,36.7,100,125
99,15,2023-10-01,95/89,93,22,36.4,97,71
100,330,2023-12-16,126/87,67,15,35.6,100,70
101,656,2023-07-25,127/82,75,16,36.1,97,129
102,977,2024-09-23,145/75,51,12,37.5,96,97
103,587,2024-08-25,148/74,72,19,37.5,96,141
104,694,2025-04-20,114/71,78,11,36.8,100,133
105,910,2024-05-30,117/90,61,12,36.6,98,70
106,599,2023-01-12,113/78,98,10,35.9,98,134
107,644,2023-03-22,131/83,70,18,37.0,97,71
108,562,2025-03-24,101/88,51,22,36.4,98,121
109,144,2023-07-06,106/75,76,12,36.1,96,136
110,443,2025-05-08,127/72,88,13,35.6,99,149
111,173,2023-05-06,131/61,74,14,36.8,96,89
112,632,2024-08-26,91/82,54,17,36.2,91,123
113,277,2024-12-10,129/93,50,13,36.7,99,70
114,667,2022-11-29,128/74,50,12,36.9,94,119
115,829,2022-12-14,125/77,50,10,36.4,95,89
116,46,2023-02-09,138/77,70,14,37.1,100,112
117,239,2022-08-21,122/82,96,17,37.4,97,70
118,93,2024-05-12,106/74,99,18,36.3,99,96
119,934,2023-11-13,152/76,51,15,36.4,95,117
120,615,2022-08-15,148/68,89,13,36.6,97,99
121,782,2024-12-17,129/69,94,18,37.0,96,70
122,341,2023-11-23,143/68,77,20,36.5,100,91
123,288,2023-08-23,94/83,77,26,36.1,97,78
124,862,2022-11-30,117/78,61,17,36.5,100,80
125,18,2024-01-16,157/82,94,16,36.2,97,70
126,196,2022-12-27,117/81,75,21,36.5,94,206
127,320,2024-12-03,106/89,52,16,36.2,92,91
128,42,2024-09-19,118/77,78,14,36.6,98,98
129,99,2023-10-10,116/71,83,14,36.4,99,106
130,762,2024-02-14,106/92,57,11,36.9,100,82
131,681,2024-01-25,128/68,61,20,36.8,100,132
132,483,2024-07-21,90/68,79,10,36.1,100,83
133,546,2024-02-17,134/79,64,10,36.7,100,80
134,472,2024-05-03,121/64,64,17,37.0,99,70
135,625,2024-04-30,110/70,70,15,37.1,98,142
136,979,2022-09-11,106/65,96,17,36.2,98,125
137,117,2023-07-07,122/72,68,17,36.7,100,91
138,317,2025-03-02,100/105,77,19,36.9,98,93
139,526,2022-11-01,90/69,79,10,36.6,99,124
140,436,2023-04-15,131/89,99,20,36.7,97,103
141,274,2022-10-22,114/91,83,14,37.3,97,71
142,704,2023-11-21,119/71,89,12,36.5,99,78
143,739,2024-11-28,128/70,78,18,36.6,98,113
144,207,2025-05-06,114/88,95,12,37.5,97,159
145,513,2023-11-22,114/87,85,14,36.6,100,90
146,773,2023-04-29,111/68,98,14,37.2,96,135
147,133,2023-01-01,136/77,63,13,36.3,100,104
148,621,2024-06-16,97/77,73,10,36.5,99,95
149,806,2023-07-23,125/84,69,18,37.3,94,89
150,533,2022-11-27,166/81,74,14,37.2,96,127
151,406,2023-05-27,114/72,71,15,36.4,100,77
152,527,2023-02-04,122/85,76,19,36.4,99,119
153,961,2024-07-30,139/61,82,19,36.4,96,78
154,109,2023-10-03,99/86,109,13,36.4,98,70
155,431,2024-11-28,106/79,61,20,36.0,99,144
156,251,2023-07-17,127/78,78,14,35.6,96,99
157,785,2024-09-26,101/75,82,16,37.1,98,110
158,173,2022-08-19,105/66,68,13,36.5,95,125
159,913,2024-02-25,105/76,74,20,37.5,100,70
160,32,2023-04-16,112/74,80,17,36.3,96,70
161,659,2024-05-05,90/67,88,21,37.3,99,70
162,740,2023-10-26,96/61,66,16,36.1,98,119
163,386,2023-05-07,110/66,95,16,37.6,98,104
164,638,2023-03-27,100/75,51,10,37.0,97,87
165,287,2024-11-21,105/76,91,16,36.0,100,151
166,471,2024-03-05,129/88,93,10,37.5,100,114
167,859,2024-01-03,117/66,70,17,36.0,97,70
168,300,2022-10-02,112/66,53,17,36.3,97,80
169,529,2024-10-07,174/86,85,12,36.9,97,76
170,102,2022-12-22,158/85,82,12,36.0,97,82
171,455,2024-10-24,132/86,75,19,36.7,96,94
172,717,2025-05-07,122/89,78,13,37.1,98,146
173,394,2024-03-23,121/69,92,13,36.7,98,101
174,187,2022-12-28,116/63,59,20,36.8,100,70
175,605,2024-10-03,119/91,66,14,36.5,97,115
176,673,2022-08-24,90/96,60,10,36.6,97,94
177,658,2022-10-16,126/86,100,13,37.0,99,70
178,698,2025-02-10,103/67,81,17,36.8,97,93
179,381,2025-02-04,119/75,86,11,36.2,98,88
180,832,2023-11-14,97/85,66,12,36.5,96,98
181,946,2022-11-07,112/74,67,19,36.8,94,126
182,818,2023-03-19,130/84,88,16,36.9,97,125
183,93,2024-01-16,124/66,90,15,36.5,97,88
184,554,2023-12-14,124/70,51,11,36.8,97,133
185,154,2024-07-12,118/88,64,14,36.6,97,92
186,798,2024-12-10,102/64,84,18,36.3,98,95
187,908,2024-04-14,142/66,73,15,36.7,100,96
188,844,2024-05-04,134/78,91,19,36.4,97,114
189,842,2024-05-26,106/81,69,17,36.5,96,133
190,577,2024-06-24,124/79,81,10,37.6,98,70
191,425,2023-08-11,143/72,90,16,35.8,98,105
192,562,2023-09-10,143/85,56,20,36.4,100,89
193,857,2025-04-16,115/71,67,12,37.2,95,124
194,956,2024-03-05,136/93,75,11,36.5,99,102
195,951,2024-12-04,127/93,83,16,35.7,96,87
196,242,2024-12-24,90/68,70,15,36.9,97,107
197,472,2023-04-28,111/80,81,21,36.3,98,126
198,148,2024-09-26,91/99,92,10,36.8,96,88
199,670,2024-01-10,127/90,68,14,36.8,99,70
200,122,2024-02-03,154/73,89,17,36.9,96,70
201,640,2023-12-12,119/79,60,19,36.6,96,117
202,969,2023-09-24,132/72,93,24,36.1,97,110
203,28,2024-12-05,165/72,60,12,37.2,96,74
204,906,2024-11-15,124/83,91,16,36.7,97,70
205,234,2024-01-13,116/80,68,10,36.0,97,127
206,696,2023-01-13,153/78,64,14,36.1,99,164
207,587,2025-03-13,106/68,90,17,36.8,100,70
208,37,2023-05-15,92/78,75,14,37.8,97,83
209,833,2023-02-14,122/89,64,15,37.1,100,106
210,782,2024-02-26,168/99,53,10,37.0,100,93
211,324,2023-01-17,109/71,57,20,36.4,98,70
212,280,2022-11-28,140/85,54,17,36.6,97,70
213,819,2023-05-09,106/83,66,15,37.3,97,70
214,556,2023-08-06,116/80,62,18,35.9,97,70
215,654,2024-02-06,114/87,72,15,36.6,98,120
216,57,2023-06-22,133/94,77,10,37.0,100,173
217,910,2023-10-22,149/75,77,14,36.4,97,138
218,288,2023-01-31,90/69,93,21,36.3,100,129
219,478,2024-02-07,114/60,50,13,37.0,99,86
220,595,2024-06-13,115/79,71,16,36.6,94,93
221,721,2024-08-17,119/89,62,16,36.9,97,70
222,73,2023-08-06,140/87,78,16,35.7,99,144
223,811,2024-02-09,97/93,91,11,36.4,95,98
224,431,2023-12-18,128/66,80,18,36.9,98,70
225,322,2024-06-22,117/83,96,16,36.8,96,70
226,208,2023-09-10,94/75,105,14,36.8,99,70
227,538,2025-02-19,111/86,81,10,36.9,96,84
228,839,2022-11-22,128/95,71,20,35.9,98,83
229,886,2023-10-30,125/77,54,12,35.8,95,114
230,554,2023-08-09,114/82,102,14,36.9,98,182
231,702,2025-03-30,90/72,84,12,36.9,97,125
232,864,2024-02-01,97/81,81,16,36.7,100,70
233,767,2024-10-06,122/67,86,12,35.4,99,91
234,474,2023-11-30,127/94,80,16,36.6,95,93
235,68,2024-05-13,159/76,72,21,35.8,99,70
236,598,2025-03-04,127/79,84,11,36.3,99,84
237,329,2023-12-21,135/82,68,14,36.6,97,121
238,617,2025-03-11,112/74,88,14,36.3,93,70
239,572,2023-09-23,103/74,64,19,36.2,96,104
240,310,2024-04-26,97/95,87,11,37.1,100,70
241,523,2023-08-25,96/73,53,12,36.4,99,102
242,781,2023-05-11,117/75,55,18,36.9,96,70
243,643,2024-04-05,151/82,80,17,36.0,100,87
244,172,2024-03-21,136/94,76,11,35.4,97,107
245,847,2023-10-24,108/81,81,19,36.5,97,94
246,216,2023-12-09,120/74,67,14,36.7,96,86
247,270,2023-10-24,156/88,60,19,36.9,97,78
248,525,2024-02-11,103/82,62,20,37.3,97,134
249,421,2024-10-11,111/72,91,22,37.6,98,125
250,538,2025-04-16,126/94,81,19,36.0,97,124
251,882,2024-12-01,134/88,76,13,36.6,98,107
252,983,2025-04-22,100/77,73,10,37.0,98,107
253,702,2024-01-05,109/85,62,13,36.9,98,70
254,409,2025-02-17,151/72,73,22,35.6,94,113
255,155,2024-09-08,90/60,92,14,37.7,95,90
256,608,2024-03-27,130/84,71,13,36.7,100,122
257,698,2025-01-18,107/70,64,10,36.7,99,97
258,185,2025-01-12,154/97,79,18,36.1,97,138
259,959,2023-08-02,108/94,91,19,36.0,97,119
260,806,2023-06-26,100/78,86,13,36.2,94,88
261,618,2025-04-11,135/71,75,15,36.3,99,149
262,648,2022-12-21,140/73,104,20,36.4,96,133
263,342,2023-04-15,123/71,72,14,36.2,100,123
264,91,2023-10-27,136/88,61,13,37.3,98,70
265,900,2023-02-03,124/86,82,12,37.5,94,103
266,560,2025-01-27,154/85,87,11,36.8,97,70
267,159,2022-10-02,137/71,64,17,36.5,98,93
268,581,2023-07-17,148/70,68,17,36.1,95,104
269,809,2023-11-04,137/89,76,13,36.7,99,107
270,536,2023-07-20,144/69,64,20,35.9,96,78
271,397,2022-12-24,90/78,86,16,37.0,100,88
272,672,2023-02-27,172/76,71,13,36.9,97,97
273,781,2025-01-29,115/77,77,14,36.4,100,91
274,524,2023-03-16,127/71,68,11,37.5,100,117
275,138,2023-01-25,163/87,72,17,37.3,96,70
276,828,2025-04-12,128/74,50,11,36.4,98,102
277,665,2023-01-13,160/77,79,10,36.6,98,70
278,501,2025-05-02,101/84,66,15,36.9,100,93
279,938,2024-03-24,155/60,77,14,36.3,99,93
280,398,2023-05-08,90/64,85,10,37.0,98,94
281,779,2022-12-21,118/85,57,16,36.0,98,119
282,989,2023-09-07,123/86,64,15,36.5,97,75
283,38,2022-11-27,111/68,50,13,36.9,98,70
284,122,2025-03-22,111/86,68,10,37.7,97,70
285,466,2023-09-17,123/79,51,16,37.1,97,70
286,136,2024-09-27,126/86,66,13,37.7,96,70
287,493,2023-03-03,120/85,82,10,36.3,100,109
288,151,2023-09-14,95/92,89,14,37.0,100,70
289,569,2024-12-13,131/99,84,12,36.7,100,70
290,397,2023-10-21,119/77,65,16,36.5,99,134
291,622,2022-11-07,94/80,74,16,36.6,96,143
292,237,2024-09-22,157/85,83,16,37.1,93,99
293,282,2022-10-25,108/81,91,16,36.4,95,96
294,724,2023-12-03,133/71,50,25,36.8,97,141
295,679,2022-09-30,122/93,93,10,36.8,100,70
296,870,2024-02-17,100/71,88,17,35.6,98,92
297,678,2024-07-02,117/71,80,20,36.3,94,90
298,623,2022-10-29,135/75,52,19,37.3,98,70
299,466,2022-10-09,113/81,62,18,36.1,98,93
300,48,2024-09-03,132/79,72,12,36.6,97,73
301,731,2024-06-20,123/83,69,19,36.7,95,140
302,46,2024-03-05,135/90,81,10,37.1,98,110
303,503,2024-06-08,130/99,66,13,36.2,95,70
304,472,2023-12-03,90/84,104,24,36.2,97,137
305,629,2024-03-12,128/81,71,20,36.1,98,110
306,883,2023-11-25,120/87,75,13,36.6,94,118
307,802,2023-04-23,137/73,61,13,36.6,98,148
308,886,2024-09-21,149/88,76,12,37.4,97,108
309,998,2024-10-26,132/80,92,17,37.1,98,98
310,347,2024-05-12,121/79,55,11,37.0,95,87
311,708,2024-02-08,98/75,72,14,35.9,97,71
312,14,2023-02-10,107/87,89,10,37.4,96,81
313,499,2024-02-12,102/80,104,10,35.6,98,117
314,242,2023-04-13,121/85,58,12,36.7,100,116
315,104,2023-03-17,132/69,81,11,37.5,95,76
316,175,2022-12-31,90/80,75,22,37.0,96,126
317,825,2023-07-06,95/72,76,11,37.1,100,91
318,921,2022-11-21,106/78,66,17,35.9,98,157
319,224,2025-01-27,90/68,68,18,37.0,99,70
320,331,2024-06-06,106/70,74,16,35.9,97,117
321,349,2023-08-01,107/77,100,23,35.5,98,187
322,44,2023-06-12,129/80,94,16,37.0,97,106
323,865,2023-03-15,128/88,68,14,35.6,97,128
324,326,2024-02-14,129/70,50,15,37.1,97,70
325,693,2022-10-26,108/83,93,14,37.1,99,70
326,34,2024-05-08,145/82,56,23,36.5,94,78
327,131,2023-07-20,100/73,68,14,36.5,97,117
328,96,2023-11-19,105/91,56,18,37.4,97,105
329,490,2023-08-16,100/74,98,18,36.8,94,78
330,618,2023-06-18,154/84,83,16,36.3,98,70
331,899,2023-04-14,90/72,77,10,36.7,96,74
332,228,2023-11-28,145/80,61,16,35.9,98,133
333,281,2023-05-13,133/101,50,16,35.9,97,100
334,842,2024-07-27,165/79,73,20,36.6,100,120
335,270,2025-03-25,136/61,104,13,36.6,96,70
336,319,2024-04-28,95/81,50,15,37.1,99,112
337,522,2023-11-06,102/64,90,14,36.6,97,120
338,215,2025-01-22,156/94,50,14,35.9,99,100
339,996,2025-02-20,132/76,59,12,35.8,95,70
340,319,2025-03-05,99/69,80,17,36.8,100,97
341,316,2022-11-12,104/102,88,16,36.6,98,93
342,495,2022-09-09,122/84,64,10,35.6,99,70
343,53,2023-07-12,129/68,57,13,36.7,95,81
344,942,2023-05-22,119/67,96,10,36.5,100,70
345,105,2023-03-31,117/81,62,15,36.9,97,122
346,157,2022-09-24,127/74,91,13,37.0,96,90
347,233,2023-07-16,116/83,50,17,36.5,98,115
348,813,2024-06-13,127/60,59,17,36.7,96,122
349,872,2025-03-20,114/88,93,17,36.9,96,126
350,204,2024-03-25,124/77,56,14,36.0,99,136
351,549,2024-02-10,138/104,68,18,36.0,97,70
352,117,2024-06-11,131/76,50,13,37.5,98,123
353,643,2023-04-02,122/78,75,16,36.1,99,133
354,403,2023-01-22,116/74,63,23,36.4,99,94
355,957,2023-03-06,115/72,60,18,36.1,98,102
356,547,2023-09-01,135/73,91,15,37.9,94,172
357,77,2023-04-09,117/82,65,10,36.3,97,105
358,39,2023-09-21,142/81,78,17,35.7,94,70
359,655,2024-02-16,112/61,64,10,36.8,98,90
360,900,2022-11-28,90/77,79,19,37.5,100,104
361,462,2023-08-16,114/72,95,16,36.9,96,70
362,458,2023-11-06,111/76,77,13,36.6,100,70
363,55,2022-11-27,90/92,53,14,36.9,97,97
364,904,2024-12-15,121/105,101,13,37.1,99,99
365,238,2023-07-25,101/84,70,14,36.2,99,76
366,997,2024-07-04,104/87,72,15,37.1,100,70
367,824,2023-03-05,117/65,69,15,36.4,95,70
368,643,2024-08-09,134/95,50,14,37.0,97,70
369,366,2024-02-28,110/83,70,15,36.6,96,124
370,525,2024-07-15,110/69,108,15,35.3,100,137
371,270,2024-03-14,129/86,107,12,36.7,100,165
372,1000,2024-01-11,112/100,87,21,37.0,98,166
373,589,2023-01-31,109/99,105,21,36.6,98,70
374,301,2025-04-14,110/86,53,14,37.6,97,131
375,937,2023-03-22,131/76,72,16,35.6,99,96
376,238,2023-01-21,139/83,72,16,36.7,100,101
377,791,2024-03-02,125/67,74,21,36.8,95,70
378,744,2022-12-15,105/89,88,10,36.6,98,71
379,438,2022-09-06,112/93,81,14,36.5,97,108
380,306,2023-01-27,91/73,90,15,36.2,96,121
381,23,2025-03-03,109/85,65,11,36.7,97,120
382,443,2024-09-28,137/76,80,14,36.9,98,81
383,961,2024-12-23,105/82,92,19,36.1,96,79
384,628,2024-06-17,108/61,86,14,36.8,97,99
385,492,2024-09-28,106/79,61,15,37.3,99,108
386,777,2023-12-16,93/85,84,17,36.7,97,119
387,519,2023-07-02,147/83,60,12,37.0,96,106
388,214,2022-12-02,113/69,87,18,35.9,98,110
389,122,2024-05-11,136/81,96,15,36.5,96,71
390,597,2022-09-15,99/82,70,17,36.0,96,73
391,511,2024-04-30,163/78,74,15,37.4,94,98
392,464,2023-05-17,90/60,63,17,36.2,98,103
393,940,2024-11-26,117/92,66,17,35.7,98,92
394,616,2022-10-21,96/83,63,22,35.4,98,101
395,721,2023-06-24,114/74,76,20,35.8,96,70
396,151,2023-07-01,98/83,83,20,36.9,99,70
397,450,2024-09-12,149/77,90,10,36.5,99,100
398,107,2023-12-05,104/93,57,15,36.9,100,86
399,403,2022-08-29,114/75,78,18,37.1,99,85
400,573,2023-03-09,136/80,86,19,37.4,97,83
401,761,2024-10-08,128/91,75,20,36.9,97,116
402,728,2025-04-01,111/82,58,15,37.1,99,118
403,140,2023-10-09,125/81,55,15,36.7,95,70
404,850,2025-02-08,142/80,78,18,36.1,97,145
405,340,2023-10-15,110/77,64,13,37.2,93,86
406,378,2022-10-09,124/96,57,10,36.2,99,103
407,723,2023-07-02,91/80,98,17,36.7,98,112
408,312,2023-07-22,94/77,72,14,36.9,96,89
409,168,2023-01-19,94/83,89,14,37.0,97,70
410,233,2024-09-19,118/78,76,17,36.3,100,98
411,180,2024-07-06,116/87,75,26,36.5,98,77
412,93,2024-04-20,137/83,69,12,35.9,98,70
413,876,2023-04-16,146/67,72,12,36.6,98,113
414,382,2025-02-28,90/72,89,18,35.4,98,70
415,564,2024-05-19,108/77,98,11,35.9,98,99
416,642,2023-04-14,144/76,93,16,36.9,100,94
417,261,2023-11-06,140/73,78,10,36.3,95,136
418,254,2023-09-20,154/76,63,10,36.7,96,83
419,444,2023-02-13,152/77,83,16,35.9,94,114
420,399,2025-04-15,154/83,84,12,37.1,100,79
421,970,2024-01-18,130/62,85,13,36.0,98,70
422,933,2024-10-09,126/68,54,16,36.5,100,70
423,308,2024-07-15,147/68,88,20,36.8,96,70
424,814,2024-04-11,90/98,70,11,36.0,98,88
425,867,2024-01-13,90/88,80,23,37.2,91,142
426,727,2024-08-22,144/72,68,17,36.1,97,130
427,399,2024-11-10,130/73,90,17,36.7,96,99
428,745,2025-01-04,104/60,70,15,36.7,100,80
429,354,2023-04-10,112/87,63,16,36.4,97,122
430,648,2023-10-01,112/87,50,10,35.4,95,155
431,366,2023-10-30,119/72,86,19,36.0,100,108
432,291,2023-07-14,128/84,82,13,37.7,97,128
433,85,2022-10-09,110/73,103,15,36.6,98,178
434,643,2023-12-28,163/92,117,12,36.9,98,70
435,275,2023-04-12,129/75,98,14,36.4,100,98
436,955,2022-10-07,143/84,81,15,36.9,97,75
437,952,2023-08-24,117/92,83,19,36.6,94,70
438,118,2024-03-01,114/68,67,13,36.3,100,98
439,66,2024-02-12,138/81,96,20,36.3,100,86
440,4,2024-05-30,124/83,82,19,36.2,99,117
441,14,2022-09-11,120/78,62,17,36.3,98,96
442,166,2022-11-02,93/70,81,13,36.3,96,78
443,170,2025-02-20,152/68,97,14,36.3,98,101
444,526,2023-06-29,116/82,75,15,37.1,95,72
445,97,2024-03-21,104/69,76,18,35.6,97,90
446,579,2023-10-22,114/67,70,12,36.4,94,90
447,74,2023-07-18,105/77,79,15,37.0,97,118
448,855,2022-09-17,142/82,74,17,36.8,100,123
449,294,2022-11-09,136/80,80,17,36.0,100,70
450,102,2024-09-18,134/82,70,17,36.8,95,142
451,807,2023-03-20,121/103,86,16,36.3,97,104
452,308,2023-01-03,149/92,81,23,35.6,98,137
453,281,2023-06-26,130/66,95,19,36.8,98,159
454,492,2024-04-09,128/77,62,19,37.1,98,83
455,716,2022-11-11,146/71,104,13,36.0,95,70
456,60,2023-05-18,115/75,90,19,36.5,100,92
457,605,2024-08-21,117/67,73,17,36.0,97,109
458,837,2023-10-12,109/72,86,10,36.1,98,125
459,209,2023-05-30,126/77,70,20,37.0,98,91
460,499,2023-01-30,120/72,72,14,36.5,97,115
461,461,2024-07-19,136/76,62,18,36.7,97,141
462,27,2023-04-17,108/60,64,22,36.4,96,100
463,132,2023-09-12,140/79,83,15,36.9,98,88
464,830,2023-05-04,125/74,54,15,36.0,99,98
465,881,2025-01-01,148/76,74,10,36.0,94,132
466,549,2024-03-21,110/93,50,22,36.6,98,70
467,296,2023-06-29,130/76,57,11,36.0,98,80
468,653,2024-09-04,90/83,50,21,37.6,95,131
469,995,2024-10-15,126/74,68,18,36.6,92,162
470,790,2022-09-26,128/79,64,15,37.2,98,111
471,30,2023-01-29,95/76,75,18,36.4,99,70
472,156,2024-03-01,121/79,52,15,36.3,100,87
473,985,2022-12-18,127/67,78,14,36.2,100,89
474,650,2024-05-18,115/89,63,17,36.9,98,168
475,993,2022-09-27,103/95,82,19,36.8,100,90
476,768,2025-04-09,129/93,66,20,36.6,95,70
477,589,2023-04-27,118/89,50,16,37.0,95,80
478,662,2023-09-18,131/88,99,13,36.2,100,77
479,394,2023-05-16,130/101,86,19,37.2,99,123
480,839,2024-10-30,113/91,81,10,36.7,93,121
481,120,2023-10-16,115/99,82,19,36.1,99,80
482,913,2024-10-28,141/68,76,11,36.7,100,121
483,426,2024-04-18,119/60,66,17,36.3,100,102
484,464,2024-01-25,141/82,70,14,36.1,100,87
485,127,2023-09-03,130/74,58,18,36.2,97,70
486,765,2024-04-18,110/80,70,19,36.7,100,112
487,426,2024-03-12,90/77,73,13,36.6,96,109
488,446,2022-09-07,90/91,51,14,36.2,98,94
489,80,2025-05-08,125/91,86,16,36.8,100,124
490,143,2024-06-23,114/92,80,12,36.5,95,70
491,765,2024-04-01,101/81,76,10,35.4,100,102
492,938,2024-09-05,151/94,86,16,36.4,99,95
493,285,2024-11-12,108/60,73,20,37.2,98,73
494,831,2022-09-10,138/79,69,10,37.7,99,125
495,944,2025-04-07,102/80,73,19,37.3,95,70
496,138,2023-02-17,132/74,87,14,36.0,94,114
497,870,2023-01-02,130/89,79,10,36.9,95,70
498,132,2024-12-24,90/60,79,13,35.8,98,70
499,697,2023-05-25,139/94,71,21,37.3,98,152
500,226,2024-08-07,107/60,51,13,36.9,95,79
501,629,2023-09-15,95/73,95,17,36.3,100,100
502,558,2025-03-30,122/91,69,19,37.0,97,70
503,75,2022-10-31,120/91,87,22,36.4,99,70
504,214,2023-04-28,124/91,88,16,36.5,96,93
505,449,2022-08-18,93/76,50,10,37.0,99,91
506,434,2023-10-20,121/81,81,17,35.9,93,70
507,227,2022-11-09,116/89,78,18,36.2,97,101
508,432,2023-12-27,104/69,71,18,36.1,97,140
509,367,2023-08-16,109/80,73,15,37.4,98,70
510,759,2025-04-23,150/82,69,21,36.2,100,102
511,97,2024-01-10,140/110,77,15,36.1,97,70
512,885,2024-02-01,116/108,76,13,36.5,97,131
513,630,2025-02-25,118/96,70,14,36.2,97,70
514,336,2024-12-07,90/86,50,17,36.3,99,70
515,651,2024-07-02,131/83,80,20,36.6,93,113
516,283,2023-01-27,126/77,62,14,37.3,96,70
517,414,2025-01-06,90/79,100,24,36.9,96,73
518,281,2024-07-13,137/93,65,21,36.5,99,134
519,28,2023-08-17,90/84,96,13,36.1,98,104
520,169,2024-10-05,113/79,50,17,37.4,96,75
521,252,2023-03-06,123/108,91,15,36.6,100,72
522,879,2024-05-16,132/68,88,14,36.7,97,120
523,65,2024-01-27,116/101,96,10,36.7,99,86
524,312,2022-12-20,144/90,73,19,35.4,100,126
525,405,2022-10-23,98/82,50,12,37.1,97,97
526,370,2024-02-20,120/79,89,13,36.8,95,122
527,903,2024-06-29,113/79,69,15,36.1,98,116
528,144,2022-12-02,93/74,75,13,36.5,100,70
529,829,2024-04-19,90/74,70,14,36.7,95,70
530,834,2025-03-17,106/73,106,22,35.8,94,97
531,113,2023-10-25,158/86,74,14,37.1,98,151
532,393,2024-08-30,90/84,66,17,36.7,99,129
533,502,2023-04-01,147/99,75,13,36.0,98,125
534,132,2024-04-16,93/91,73,10,36.2,96,72
535,224,2025-03-02,131/88,100,13,36.8,96,100
536,582,2023-09-19,90/68,87,10,36.9,96,70
537,802,2023-04-02,90/94,50,15,36.8,95,83
538,366,2023-04-18,129/82,68,16,36.5,96,136
539,927,2023-07-21,124/61,82,13,36.5,98,76
540,391,2022-11-06,156/65,75,17,36.6,97,88
541,628,2023-07-31,103/71,92,14,37.7,99,70
542,343,2024-05-10,137/79,54,21,36.4,96,111
543,597,2023-03-25,142/81,75,13,37.2,98,93
544,162,2023-07-25,113/90,71,20,36.4,99,106
545,188,2023-12-29,100/79,50,13,35.8,100,70
546,702,2024-02-15,171/85,67,19,36.3,95,102
547,385,2022-12-20,134/92,82,13,37.3,100,108
548,902,2024-08-13,144/101,66,12,36.3,95,117
549,832,2025-02-04,90/92,64,21,35.3,97,70
550,306,2023-08-26,147/96,50,19,37.1,98,117
551,47,2025-04-13,130/88,58,20,36.7,98,116
552,222,2022-10-03,94/64,73,22,36.0,98,78
553,879,2022-08-22,102/85,86,12,37.3,98,92
554,812,2022-10-11,126/100,86,13,36.6,98,119
555,834,2023-10-27,124/98,71,10,36.7,97,70
556,332,2025-05-07,105/76,92,10,36.8,100,94
557,997,2024-11-07,115/87,82,21,36.5,99,121
558,761,2023-02-09,113/78,74,11,36.4,100,131
559,343,2024-05-23,108/79,89,17,37.0,99,106
560,66,2023-04-24,116/68,85,15,35.8,96,125
561,740,2024-10-08,90/69,77,21,37.1,100,106
562,852,2022-09-23,115/88,61,12,36.0,100,74
563,801,2022-08-22,140/81,91,11,36.3,98,87
564,278,2023-03-03,90/66,58,11,36.9,98,104
565,296,2022-10-05,160/91,87,10,36.6,98,87
566,700,2024-08-21,154/80,56,12,37.7,97,70
567,897,2023-10-25,108/61,88,10,35.9,98,133
568,409,2024-01-03,118/67,77,14,37.2,99,83
569,145,2024-11-06,135/82,95,18,36.9,100,100
570,547,2022-10-20,104/82,69,18,36.6,98,70
571,549,2024-09-17,130/67,89,19,36.8,98,93
572,587,2025-05-09,107/79,104,16,35.9,94,70
573,308,2024-01-15,112/92,59,21,36.7,98,113
574,774,2024-09-05,131/75,50,13,36.2,98,106
575,980,2024-09-12,114/97,65,10,36.7,100,108
576,68,2024-08-24,112/82,102,12,36.6,99,107
577,948,2024-05-05,115/75,70,18,36.8,100,70
578,283,2024-04-17,155/77,73,19,37.0,100,141
579,749,2023-04-14,119/93,65,14,36.5,96,101
580,713,2025-02-13,137/86,65,13,36.2,98,70
581,383,2023-06-06,102/75,90,15,37.1,98,85
582,494,2024-07-14,111/68,111,20,36.9,95,86
583,595,2023-01-11,100/81,61,13,36.1,97,102
584,203,2024-12-08,115/95,87,12,36.8,96,88
585,367,2025-02-03,129/86,66,11,36.6,98,80
586,118,2024-08-16,136/86,65,20,37.2,100,151
587,714,2023-03-01,101/89,88,14,36.8,94,70
588,603,2024-01-27,90/83,81,14,37.5,99,70
589,539,2023-11-27,116/70,81,15,36.2,100,101
590,478,2023-09-14,111/77,99,19,36.5,96,74
591,844,2024-06-19,110/85,86,13,37.0,96,81
592,219,2025-03-05,91/65,61,15,36.1,100,72
593,138,2022-11-26,123/93,76,14,36.7,96,70
594,705,2025-05-01,132/74,89,19,36.7,99,83
595,297,2025-04-25,135/87,70,14,36.8,100,93
596,598,2024-06-14,110/91,76,19,37.3,94,98
597,293,2024-09-02,115/70,50,10,36.7,96,75
598,452,2023-12-19,121/73,94,13,37.4,97,80
599,667,2024-02-19,105/95,85,12,36.7,93,70
600,436,2025-02-01,104/72,93,10,35.9,98,106
601,527,2024-10-23,113/100,84,20,36.6,96,84
602,54,2023-05-25,138/87,71,17,37.1,96,89
603,542,2023-02-06,128/62,81,11,37.1,100,79
604,383,2023-12-12,93/78,71,18,36.7,97,102
605,53,2025-03-09,97/88,99,11,35.8,97,70
606,103,2023-04-30,94/65,72,14,36.8,96,70
607,714,2023-11-08,119/69,82,10,35.5,94,87
608,492,2022-08-25,114/81,66,12,37.3,100,129
609,250,2025-02-11,126/83,62,16,36.1,95,70
610,320,2024-10-10,128/81,70,14,35.7,98,90
611,597,2025-02-12,137/81,85,15,36.7,99,94
612,333,2025-02-04,129/75,73,22,36.9,96,112
613,961,2025-03-04,94/77,60,17,36.5,98,123
614,257,2024-09-17,110/75,74,12,36.6,98,106
615,444,2024-01-03,128/63,55,11,36.6,97,70
616,548,2024-03-13,158/60,75,18,36.2,99,70
617,175,2023-08-02,123/60,92,16,35.8,99,148
618,107,2022-09-15,101/77,67,12,36.2,96,82
619,820,2025-04-24,112/75,86,18,35.8,96,137
620,498,2023-02-12,125/83,78,14,36.6,97,125
621,562,2025-02-19,112/78,86,14,36.6,97,97
622,562,2024-01-28,113/74,64,15,37.1,99,70
623,100,2025-03-24,111/73,51,17,36.6,100,89
624,630,2023-06-22,104/71,68,18,37.0,100,70
625,416,2023-08-02,121/73,80,21,37.0,95,120
626,538,2024-06-16,90/60,71,18,36.8,100,103
627,434,2024-07-05,117/91,69,17,36.8,96,111
628,132,2024-06-05,163/91,62,25,36.9,98,97
629,780,2024-01-30,133/81,75,15,37.1,99,95
630,860,2025-03-16,90/80,64,14,36.5,95,70
631,417,2023-07-22,125/80,74,18,36.3,98,140
632,562,2023-07-12,114/98,75,12,37.0,97,131
633,858,2025-05-07,128/76,97,14,35.5,99,110
634,147,2022-12-07,145/71,71,14,37.1,99,106
635,439,2023-01-19,124/68,86,19,37.7,98,118
636,593,2023-07-07,129/73,93,15,36.5,97,98
637,203,2024-09-01,110/82,73,15,36.8,98,83
638,947,2023-02-01,104/80,63,12,36.2,98,135
639,739,2025-02-25,126/88,73,16,37.4,99,128
640,382,2022-09-18,114/79,81,13,35.4,98,128
641,270,2024-11-07,121/74,70,10,36.4,95,79
642,724,2023-04-10,96/67,59,18,36.3,95,122
643,201,2025-04-27,122/60,89,16,37.0,97,148
644,414,2025-04-05,112/60,61,18,36.7,97,70
645,55,2024-11-01,120/79,74,18,36.7,97,70
646,200,2025-03-15,147/99,101,18,35.8,94,83
647,190,2022-09-01,118/79,77,10,37.4,100,70
648,515,2024-02-22,90/79,93,15,36.7,97,104
649,896,2024-05-31,138/84,83,10,37.7,94,104
650,663,2023-06-02,116/78,88,13,36.4,95,133
651,965,2024-05-31,125/86,87,23,37.5,98,104
652,932,2023-05-28,109/87,85,13,37.0,100,70
653,20,2023-06-18,123/79,74,12,35.7,96,73
654,335,2022-10-15,127/83,79,10,36.0,96,100
655,851,2024-12-19,113/83,89,12,36.1,98,97
656,173,2024-07-18,134/80,101,10,37.0,98,70
657,759,2025-02-01,90/68,93,20,36.5,97,74
658,99,2024-07-17,116/75,100,11,36.8,100,123
659,808,2024-12-03,97/64,79,16,37.2,99,85
660,28,2024-03-22,108/66,76,10,37.1,99,116
661,419,2024-01-04,93/78,69,16,36.9,96,85
662,38,2025-01-24,133/68,63,16,37.0,96,153
663,323,2025-02-21,92/95,92,10,35.8,99,88
664,263,2024-06-16,99/98,57,13,36.3,92,102
665,757,2023-09-15,101/88,89,16,36.7,98,78
666,580,2024-12-15,107/93,86,16,36.9,97,105
667,20,2025-02-01,131/60,88,19,36.2,100,70
668,881,2024-03-24,127/80,70,16,36.9,94,130
669,435,2022-11-07,111/90,84,14,36.6,97,148
670,256,2024-10-11,97/75,51,16,36.3,96,144
671,870,2023-04-13,103/78,68,14,38.0,94,119
672,532,2024-12-16,168/90,75,11,37.3,99,70
673,132,2024-12-22,113/67,50,11,36.7,99,90
674,874,2024-12-21,147/90,73,14,36.8,97,70
675,285,2025-04-01,114/86,94,19,36.8,100,112
676,33,2024-06-16,118/94,85,21,36.0,96,75
677,238,2022-12-02,123/98,57,19,36.0,100,70
678,602,2024-12-27,134/88,84,12,36.1,100,131
679,189,2023-06-29,140/91,51,10,36.3,97,82
680,181,2025-03-22,125/91,70,12,37.0,97,103
681,382,2024-04-18,113/83,59,18,36.6,96,115
682,144,2023-07-09,104/72,56,10,36.9,100,86
683,29,2025-02-01,104/61,50,18,35.6,95,108
684,984,2023-06-30,121/83,75,14,36.0,96,91
685,757,2023-08-20,90/72,69,13,36.4,99,123
686,776,2025-03-23,150/64,68,20,35.7,95,81
687,871,2025-02-21,160/70,91,15,36.0,100,105
688,117,2023-03-25,127/85,81,24,37.5,96,160
689,213,2024-08-20,105/83,53,20,36.4,95,135
690,548,2024-06-29,148/94,52,22,36.4,100,118
691,215,2024-09-23,125/80,74,13,36.1,97,135
692,590,2025-01-26,92/93,77,19,37.0,99,100
693,198,2024-09-18,121/88,59,11,36.4,98,157
694,658,2024-11-12,120/100,82,14,37.2,97,107
695,373,2024-11-05,93/64,83,20,37.6,96,143
696,530,2024-04-17,146/75,95,19,37.2,100,133
697,979,2022-08-17,90/83,51,16,36.6,96,70
698,120,2023-02-14,109/76,73,16,36.9,97,138
699,220,2024-11-28,119/89,70,26,36.8,100,79
700,250,2023-04-20,111/77,112,15,36.2,100,101
701,613,2024-08-22,115/73,82,20,37.0,97,70
702,344,2023-01-08,90/70,69,15,36.5,100,114
703,881,2024-03-14,95/86,80,11,36.7,99,130
704,696,2024-07-23,90/86,96,23,36.0,97,98
705,342,2024-12-31,133/78,64,16,36.4,99,75
706,222,2024-07-02,99/93,109,23,36.6,100,79
707,191,2023-12-14,130/74,93,20,37.6,97,147
708,410,2024-07-08,130/80,80,22,36.5,97,70
709,792,2023-02-06,117/82,63,11,35.7,96,142
710,306,2023-08-24,90/87,88,25,37.1,99,111
711,454,2024-02-26,120/88,93,16,37.2,100,102
712,813,2025-05-04,121/79,77,20,36.6,98,92
713,178,2024-08-12,129/74,56,17,37.6,97,70
714,598,2023-12-02,158/80,89,13,36.6,100,103
715,441,2024-02-25,122/65,86,12,37.2,98,108
716,198,2024-08-08,135/83,100,22,36.0,97,125
717,179,2023-04-07,101/64,63,15,35.0,95,70
718,56,2023-04-23,142/89,79,16,36.9,96,137
719,830,2023-09-20,121/89,88,18,36.8,98,98
720,974,2024-05-09,129/82,67,18,36.7,100,70
721,254,2024-02-17,120/72,67,18,35.9,98,100
722,769,2024-01-31,99/81,63,24,37.2,98,87
723,652,2023-06-23,130/87,78,11,36.5,98,108
724,485,2023-08-08,126/87,95,20,36.9,95,135
725,927,2022-12-04,136/77,75,16,36.4,94,70
726,841,2024-09-03,101/60,58,20,36.8,96,79
727,284,2023-07-02,144/92,76,20,36.2,98,70
728,587,2023-10-24,112/80,50,18,37.0,100,170
729,653,2023-08-08,128/79,50,17,36.9,95,92
730,370,2024-11-09,120/85,87,13,36.7,99,94
731,637,2024-01-12,111/87,72,11,37.3,95,97
732,851,2024-09-14,126/84,77,10,36.2,98,96
733,365,2024-03-21,130/90,82,13,36.3,100,94
734,855,2023-03-09,118/85,93,12,36.4,94,91
735,95,2024-06-01,131/76,101,16,36.5,97,70
736,705,2024-11-09,118/83,73,16,36.3,95,96
737,393,2022-08-31,124/78,78,19,37.0,99,130
738,414,2024-04-25,129/83,104,19,36.2,94,92
739,834,2024-06-03,132/89,56,18,37.2,99,112
740,577,2022-12-24,117/75,86,18,36.4,100,70
741,68,2024-08-09,115/72,80,10,37.2,100,108
742,500,2023-03-19,113/87,79,19,36.5,97,132
743,919,2024-04-05,132/78,80,16,36.8,100,89
744,984,2024-11-29,107/82,66,12,37.1,97,70
745,379,2023-02-23,136/75,83,20,36.7,93,70
746,253,2022-11-28,106/79,93,17,37.9,95,103
747,655,2023-12-03,111/82,101,23,36.6,99,106
748,63,2023-08-14,98/80,67,15,36.2,98,109
749,939,2024-03-09,134/83,99,24,36.4,99,163
750,427,2024-07-06,139/87,50,13,36.4,100,78
751,108,2024-08-10,118/88,63,17,36.7,99,119
752,485,2023-02-28,132/82,50,16,36.6,99,87
753,379,2024-09-27,120/80,64,11,36.8,100,81
754,256,2024-03-21,115/88,88,16,36.8,99,121
755,870,2023-09-22,98/99,79,18,36.2,97,111
756,715,2024-04-25,90/70,64,10,36.7,97,142
757,164,2024-07-18,97/82,61,10,36.9,99,116
758,900,2024-02-12,93/80,83,19,36.9,99,132
759,797,2022-09-11,122/84,89,17,37.2,99,81
760,278,2022-10-07,93/80,57,16,36.6,100,115
761,784,2024-04-01,139/75,97,19,36.8,94,135
762,445,2023-05-04,155/80,75,13,35.8,96,149
763,326,2023-06-27,141/72,66,24,36.1,96,87
764,239,2024-05-28,92/74,67,12,37.3,95,95
765,214,2023-10-13,102/77,61,16,36.8,100,82
766,595,2023-05-25,152/71,71,23,38.1,100,93
767,706,2023-05-24,130/86,80,11,36.7,96,70
768,949,2024-03-18,113/83,90,14,36.6,99,102
769,131,2023-03-21,127/80,78,11,36.7,100,105
770,650,2022-11-20,103/94,85,19,37.0,95,119
771,785,2023-09-27,147/75,50,17,36.6,94,118
772,565,2022-11-12,130/65,103,19,35.7,99,123
773,348,2023-04-05,148/73,87,15,36.3,96,70
774,256,2024-12-03,130/77,50,16,37.2,95,78
775,297,2024-10-14,128/60,66,17,36.3,95,70
776,899,2022-10-20,90/73,90,25,36.6,99,71
777,725,2023-03-28,90/98,66,18,36.7,99,128
778,398,2023-12-21,125/83,93,14,37.4,96,102
779,946,2023-09-11,132/63,95,17,38.3,100,99
780,155,2024-07-09,155/88,78,10,35.9,98,85
781,106,2024-05-28,124/93,87,13,37.1,96,70
782,487,2025-02-15,127/71,65,19,36.9,97,70
783,161,2023-07-23,105/99,89,21,36.7,97,127
784,469,2022-12-07,145/75,64,10,36.2,99,82
785,661,2023-05-26,138/99,75,15,36.9,96,80
786,957,2024-03-07,107/68,88,14,37.2,99,99
787,974,2024-10-20,136/70,63,18,35.5,98,117
788,763,2023-08-08,146/95,73,19,36.2,97,141
789,561,2022-09-29,119/81,59,17,37.0,99,70
790,230,2024-06-12,139/70,74,10,36.5,95,86
791,278,2024-10-04,121/88,86,10,36.9,98,83
792,963,2023-07-04,102/79,78,17,36.5,92,85
793,294,2024-03-15,96/100,75,18,36.9,98,87
794,562,2024-06-07,109/60,77,17,36.6,98,70
795,513,2023-04-03,114/73,84,16,36.3,97,70
796,440,2024-08-30,113/85,55,15,36.2,95,155
797,685,2023-09-26,145/74,70,10,35.8,95,98
798,27,2024-03-13,117/83,85,17,36.1,98,119
799,804,2025-01-26,111/61,92,16,35.2,100,85
800,403,2023-04-22,168/83,71,16,36.2,98,160
801,552,2024-12-10,102/85,64,15,37.6,99,122
802,304,2023-10-08,121/106,60,10,37.4,97,112
803,482,2023-09-13,154/84,108,16,36.2,93,109
804,655,2024-09-09,90/83,96,15,36.7,99,120
805,631,2023-08-25,143/79,50,20,36.5,96,110
806,771,2022-11-11,123/72,55,17,36.2,98,111
807,778,2023-10-28,139/101,78,14,37.4,100,105
808,807,2023-07-06,124/80,77,15,36.1,98,152
809,80,2024-03-10,103/77,61,20,37.0,95,70
810,99,2024-05-12,137/66,87,13,36.9,98,83
811,882,2024-09-22,102/85,64,20,36.2,98,88
812,690,2022-09-13,120/72,72,10,36.2,96,97
813,513,2025-02-13,145/73,96,12,36.0,94,118
814,104,2024-04-01,121/85,76,15,36.7,100,85
815,919,2023-03-01,161/88,80,18,35.0,97,79
816,528,2023-07-08,162/76,74,15,35.9,96,124
817,202,2023-05-29,90/83,61,21,36.8,94,87
818,473,2025-02-08,129/76,77,15,37.0,98,98
819,30,2024-09-01,120/69,97,27,36.4,98,130
820,24,2023-12-17,140/81,60,23,36.9,98,78
821,826,2024-10-08,121/61,86,19,36.7,96,113
822,486,2024-12-27,135/72,89,18,36.5,96,94
823,389,2025-03-10,100/82,83,20,36.7,98,91
824,483,2023-06-02,102/75,96,18,36.8,94,109
825,171,2023-03-08,93/67,57,12,37.0,98,71
826,851,2023-03-10,108/84,85,16,36.0,97,171
827,5,2022-09-17,95/83,106,14,37.5,96,70
828,98,2024-08-02,108/72,50,14,37.1,96,88
829,550,2023-08-20,147/72,84,10,36.1,97,136
830,434,2023-01-26,101/70,79,17,36.1,96,132
831,494,2022-09-01,96/83,67,21,36.9,99,83
832,568,2022-10-27,136/87,82,14,36.7,94,152
833,729,2025-04-20,107/76,55,18,36.9,97,70
834,570,2022-11-04,105/84,78,15,36.4,94,128
835,144,2024-04-09,91/77,59,19,36.9,97,120
836,750,2024-08-01,90/79,59,20,36.8,99,83
837,588,2024-10-09,134/68,60,15,36.1,99,85
838,121,2024-12-26,98/67,85,10,36.1,100,89
839,126,2024-07-21,134/84,72,10,35.9,95,114
840,408,2023-02-27,133/71,73,16,36.6,96,149
841,202,2023-09-11,133/80,67,12,36.8,97,104
842,787,2024-07-09,90/74,73,19,36.1,95,113
843,802,2023-03-10,118/62,50,13,36.6,100,70
844,453,2024-03-29,130/60,80,22,36.7,96,136
845,189,2024-06-12,126/81,59,17,36.3,98,101
846,658,2024-07-29,141/74,72,19,36.5,97,87
847,859,2024-12-13,116/86,102,10,36.0,97,101
848,767,2023-09-25,115/74,56,13,37.0,98,120
849,852,2023-07-31,95/94,66,17,36.5,96,112
850,169,2024-04-07,132/106,84,18,37.2,99,98
851,863,2023-05-21,126/88,95,10,35.7,100,76
852,304,2024-05-22,90/62,102,19,36.2,96,101
853,769,2024-03-20,137/77,63,20,36.6,97,117
854,211,2022-10-13,90/84,81,10,35.6,96,105
855,836,2024-10-26,125/97,77,10,36.5,95,94
856,613,2025-01-18,148/84,64,18,36.2,92,70
857,472,2024-12-18,129/87,100,17,37.3,99,128
858,767,2022-09-29,142/84,91,13,35.4,99,111
859,600,2022-12-10,102/67,76,18,36.9,95,76
860,826,2023-09-15,133/80,90,14,37.0,97,78
861,646,2022-11-01,138/70,76,16,36.5,99,117
862,308,2025-04-28,129/80,102,21,37.1,99,81
863,221,2024-03-31,119/86,90,19,36.9,100,95
864,841,2023-10-01,140/88,81,17,36.8,96,112
865,269,2023-12-09,134/83,50,10,36.2,97,77
866,867,2023-06-29,132/91,95,17,37.1,96,95
867,82,2023-06-26,96/92,104,14,35.5,96,80
868,113,2024-11-05,93/69,78,18,35.6,96,101
869,658,2024-03-12,98/82,73,14,36.2,98,77
870,720,2022-10-20,90/80,56,10,36.7,97,74
871,393,2023-05-05,124/84,78,16,35.8,100,116
872,300,2023-10-07,100/79,77,15,37.5,94,70
873,472,2025-02-08,90/80,83,17,36.5,98,91
874,636,2024-03-16,134/91,61,14,36.5,100,75
875,463,2023-06-21,141/65,93,19,36.5,99,84
876,27,2024-03-14,101/97,66,18,37.2,99,117
877,699,2022-11-11,133/90,79,15,35.9,98,130
878,564,2024-09-22,97/77,81,22,36.0,99,89
879,224,2024-06-07,106/70,65,17,36.5,99,70
880,226,2023-09-03,133/84,52,22,36.8,99,134
881,114,2025-04-06,139/78,85,10,36.8,100,79
882,108,2022-09-04,138/97,85,20,35.8,96,142
883,399,2025-01-19,139/84,71,17,37.5,97,120
884,174,2024-05-16,133/73,66,22,36.9,96,90
885,805,2023-03-10,100/90,71,15,37.0,94,98
886,585,2025-04-11,119/77,66,13,36.7,95,104
887,117,2024-03-25,108/75,77,14,37.2,97,131
888,795,2023-05-05,104/72,50,14,36.5,98,120
889,253,2023-10-06,132/91,61,16,36.1,98,154
890,617,2024-08-04,96/86,90,12,36.8,97,96
891,749,2023-09-18,112/77,92,15,36.3,98,70
892,35,2023-03-22,103/92,72,14,36.7,99,139
893,773,2025-02-15,110/75,71,20,36.6,100,95
894,200,2024-09-20,155/71,54,15,37.2,97,81
895,238,2024-08-04,140/87,63,12,37.0,94,132
896,996,2024-08-04,133/60,75,10,36.0,96,70
897,221,2024-01-08,164/88,95,15,36.6,100,113
898,940,2023-06-28,132/70,61,17,36.8,96,110
899,430,2023-01-07,95/80,53,21,36.4,96,70
900,494,2023-07-07,95/84,90,19,37.3,100,128
901,820,2024-10-11,109/81,50,18,36.7,100,77
902,980,2023-06-07,130/69,73,10,37.3,100,85
903,281,2023-11-10,125/80,65,16,36.4,99,93
904,814,2025-01-27,167/79,76,18,37.0,98,115
905,289,2025-03-24,123/72,59,18,37.4,94,70
906,846,2023-10-11,91/87,87,12,37.7,97,143
907,559,2023-02-13,136/70,68,12,35.9,97,70
908,708,2024-08-11,116/99,85,13,36.3,97,162
909,91,2023-04-25,98/79,81,20,36.4,96,108
910,64,2022-09-05,146/77,62,16,35.8,97,135
911,73,2022-12-06,137/78,99,23,36.9,95,70
912,445,2023-12-21,147/82,99,10,36.5,100,78
913,615,2024-09-30,140/78,75,11,36.7,100,111
914,39,2025-02-23,104/93,63,22,36.0,98,145
915,258,2022-10-22,102/80,92,10,37.1,97,143
916,558,2025-02-05,103/66,66,13,36.5,97,70
917,107,2024-03-25,118/82,72,17,36.6,95,90
918,11,2022-08-15,122/77,52,20,36.1,95,101
919,290,2023-09-25,113/86,88,18,36.6,99,70
920,671,2023-05-13,141/75,104,20,36.5,98,135
921,605,2023-07-01,90/78,100,19,36.2,98,70
922,674,2025-02-13,113/83,82,18,37.2,95,100
923,791,2025-04-14,102/76,63,17,37.1,100,70
924,49,2022-12-23,117/68,57,13,36.8,99,119
925,320,2023-07-08,131/71,92,19,36.4,97,80
926,921,2022-10-08,94/86,87,12,36.0,96,103
927,166,2022-11-06,92/91,91,17,37.0,98,113
928,934,2025-03-31,93/93,67,15,37.8,97,122
929,155,2023-11-14,130/66,60,24,36.9,97,83
930,576,2023-01-10,126/84,78,20,36.2,95,131
931,903,2024-03-08,162/88,94,15,36.7,98,98
932,874,2024-03-08,148/91,69,10,36.6,95,100
933,949,2025-01-08,98/92,85,18,37.1,98,116
934,414,2022-10-15,148/78,84,11,36.6,100,124
935,558,2025-04-06,118/82,74,16,36.4,98,115
936,766,2022-08-26,120/81,80,13,36.8,99,143
937,75,2022-11-24,126/74,73,11,37.0,93,130
938,636,2023-09-01,142/60,94,20,36.5,95,74
939,41,2024-08-30,104/93,68,19,36.5,98,70
940,299,2024-12-13,97/92,72,17,37.5,97,94
941,125,2022-09-05,144/80,79,19,36.6,99,96
942,866,2023-03-13,139/84,71,16,35.4,100,70
943,206,2024-08-18,98/75,50,17,36.8,97,79
944,514,2022-11-05,106/86,51,14,35.8,99,89
945,761,2022-09-26,130/92,93,11,36.8,100,120
946,338,2024-07-04,135/62,85,12,36.9,99,117
947,567,2024-08-15,117/93,82,17,36.1,98,159
948,910,2024-12-01,92/87,87,22,37.0,98,112
949,62,2024-10-07,114/92,51,14,36.8,100,99
950,327,2024-10-19,104/77,69,14,36.4,97,70
951,77,2024-02-29,126/86,97,19,37.0,98,70
952,63,2023-05-28,125/81,90,18,36.5,100,125
953,490,2023-10-08,126/84,75,16,35.5,96,83
954,688,2025-01-31,129/63,67,13,36.7,98,80
955,498,2023-01-03,108/73,69,15,37.3,95,152
956,962,2022-10-02,95/89,67,12,37.3,98,101
957,606,2025-01-27,114/74,72,10,35.7,98,135
958,211,2022-10-10,147/70,77,10,36.4,99,99
959,557,2024-04-13,113/79,94,15,36.6,100,93
960,61,2025-02-17,90/93,90,10,36.5,97,141
961,332,2023-02-23,119/81,77,14,37.2,96,85
962,493,2025-01-28,119/66,101,15,37.0,96,121
963,876,2023-05-22,135/89,103,13,36.5,96,97
964,905,2025-02-10,133/86,99,17,36.6,95,125
965,810,2023-12-19,116/88,68,20,36.8,99,111
966,119,2024-10-13,101/76,55,16,35.9,98,70
967,898,2024-12-22,136/68,60,21,36.8,99,70
968,802,2023-05-18,139/78,76,21,36.0,99,111
969,101,2023-09-21,115/69,71,12,37.2,98,79
970,699,2024-06-27,91/75,93,16,36.5,100,87
971,949,2022-12-24,103/84,81,13,36.2,100,87
972,837,2025-04-23,90/81,88,15,36.9,95,118
973,139,2024-07-03,100/83,86,16,36.0,95,147
974,928,2024-01-20,104/87,76,11,36.3,100,204
975,686,2022-12-03,113/76,50,10,36.2,97,99
976,5,2024-11-25,133/82,85,13,36.6,97,70
977,994,2022-09-27,90/73,50,11,36.9,98,100
978,534,2023-10-19,143/72,85,12,36.7,98,106
979,823,2023-07-09,112/83,80,10,37.0,95,73
980,91,2024-07-17,124/85,78,17,36.0,96,70
981,95,2025-01-07,101/66,75,25,37.0,93,70
982,136,2022-12-31,94/62,70,16,36.0,97,106
983,547,2024-01-25,133/81,79,15,36.1,96,70
984,872,2023-08-01,149/65,89,10,37.0,99,134
985,307,2024-06-19,99/81,65,12,36.6,99,82
986,140,2022-10-22,126/70,59,14,36.5,99,70
987,497,2022-09-26,163/62,78,14,36.3,97,120
988,714,2025-02-22,136/77,79,10,36.5,98,70
989,792,2022-10-01,121/78,94,16,36.8,97,118
990,623,2024-10-03,131/66,79,20,37.1,98,109
991,994,2024-02-18,138/68,82,10,37.0,97,97
992,488,2022-12-22,108/79,78,19,37.2,98,70
993,523,2024-04-27,146/65,68,14,36.6,95,70
994,503,2024-04-15,119/72,95,13,36.1,100,114
995,302,2022-12-11,174/60,78,17,36.6,97,137
996,439,2024-10-29,129/63,61,11,36.5,99,88
997,620,2025-02-25,114/70,86,20,36.6,100,83
998,245,2023-10-20,92/88,73,13,36.6,94,70
999,808,2022-08-26,121/84,95,19,36.9,100,114
1000,82,2025-04-01,113/89,88,15,36.0,94,125
1001,941,2023-07-27,129/86,88,12,35.7,99,135
1002,512,2024-07-05,127/65,78,11,35.8,97,104
1003,630,2022-08-20,118/84,63,16,36.4,97,108
1004,114,2023-07-06,141/82,84,16,36.8,100,156
1005,389,2025-01-04,144/79,92,18,36.3,99,70
1006,802,2023-09-26,131/97,87,20,36.4,98,120
1007,294,2024-11-17,113/86,81,18,36.1,100,113
1008,256,2023-07-23,117/79,74,12,37.2,99,130
1009,156,2025-01-08,150/81,50,18,36.9,100,132
1010,357,2024-07-23,122/78,90,10,36.7,99,96
1011,899,2025-03-21,112/82,95,17,36.3,100,142
1012,78,2023-05-13,103/107,74,19,37.0,96,86
1013,244,2025-02-14,121/61,87,10,36.6,96,117
1014,943,2024-05-31,90/63,66,18,36.7,100,103
1015,224,2024-06-04,119/69,71,15,35.6,96,113
1016,53,2024-03-15,123/77,65,10,35.5,97,144
1017,612,2023-06-30,120/90,57,17,36.2,96,122
1018,444,2022-08-25,117/66,76,13,35.9,96,161
1019,678,2024-11-01,144/60,72,15,36.5,96,122
1020,398,2025-03-02,138/90,79,18,36.4,94,70
1021,417,2023-10-26,102/77,55,11,36.4,99,110
1022,260,2023-01-27,102/80,55,12,35.8,98,91
1023,353,2024-05-29,116/88,60,17,37.6,96,70
1024,172,2024-06-13,94/83,101,22,37.0,99,113
1025,180,2023-03-26,134/83,63,22,37.3,96,119
1026,672,2023-12-18,149/84,71,21,36.7,96,70
1027,758,2024-06-24,90/99,62,19,36.1,98,113
1028,915,2025-02-22,95/89,72,18,37.3,99,97
1029,3,2024-12-18,158/79,76,15,36.0,95,83
1030,649,2024-05-02,99/77,87,14,36.7,96,176
1031,290,2023-12-28,150/77,79,10,36.5,96,122
1032,738,2023-02-01,101/96,74,12,36.6,99,115
1033,67,2022-09-26,123/88,87,19,36.5,97,93
1034,725,2024-01-18,110/81,74,22,36.3,96,119
1035,598,2023-11-01,121/73,86,14,37.4,96,82
1036,612,2023-05-19,122/93,64,17,36.0,99,80
1037,629,2024-07-31,132/86,50,16,36.3,98,73
1038,534,2023-11-18,108/91,91,12,37.5,92,106
1039,937,2022-10-21,94/83,71,11,36.2,96,102
1040,368,2024-02-28,139/99,72,17,37.2,97,76
1041,400,2023-08-29,158/78,78,10,36.3,100,113
1042,290,2023-12-08,119/93,50,14,37.7,97,98
1043,584,2022-09-10,143/92,55,17,37.5,96,88
1044,613,2024-09-25,120/86,53,10,36.7,100,90
1045,60,2025-04-08,107/78,98,13,36.9,95,70
1046,379,2025-01-21,136/96,88,10,36.4,98,101
1047,606,2023-08-05,90/67,62,15,35.6,99,97
1048,718,2023-04-22,99/81,53,15,35.7,94,86
1049,349,2024-02-21,105/83,74,24,36.5,91,70
1050,463,2024-05-18,96/113,74,20,37.1,95,70
1051,962,2023-06-30,132/60,89,15,36.9,98,110
1052,940,2024-03-24,122/82,75,10,36.4,100,109
1053,214,2024-04-30,142/70,59,11,35.9,94,106
1054,373,2023-03-05,112/88,70,10,36.8,93,106
1055,517,2024-07-10,104/82,53,19,36.6,97,70
1056,908,2024-12-11,156/70,78,12,38.5,98,81
1057,873,2024-11-02,132/87,80,14,36.8,97,99
1058,460,2023-07-26,104/65,83,18,37.2,98,93
1059,742,2025-02-10,91/79,80,10,37.1,96,94
1060,467,2024-12-01,131/79,96,18,36.5,91,129
1061,400,2024-03-22,96/88,82,15,37.1,99,109
1062,137,2023-03-23,90/80,56,11,36.4,100,110
1063,670,2024-05-04,128/87,61,10,35.7,98,129
1064,415,2024-04-29,138/71,95,24,36.9,100,126
1065,27,2024-08-17,115/73,50,14,36.5,97,96
1066,392,2022-11-27,90/87,88,17,36.0,98,100
1067,9,2024-01-08,129/95,72,16,36.2,99,121
1068,24,2023-06-30,124/69,64,10,36.3,99,111
1069,44,2025-02-14,123/94,79,13,36.3,97,86
1070,302,2022-12-12,139/84,70,14,37.0,100,70
1071,670,2022-10-09,116/80,83,16,36.8,97,75
1072,282,2025-01-16,135/88,84,19,36.1,96,133
1073,859,2024-09-24,127/80,71,21,35.7,98,98
1074,6,2023-01-22,94/96,50,16,36.9,96,108
1075,388,2023-12-05,115/89,120,17,36.9,96,106
1076,664,2022-09-04,112/87,53,11,37.2,98,139
1077,985,2024-03-04,127/85,70,15,37.1,97,135
1078,882,2024-11-06,117/68,55,15,37.1,96,121
1079,267,2025-03-29,122/86,70,16,37.1,97,84
1080,807,2023-05-23,90/85,63,13,36.1,97,162
1081,525,2024-02-09,127/73,68,10,36.0,95,108
1082,797,2023-02-02,128/80,80,12,36.0,95,70
1083,106,2022-11-24,127/100,59,14,36.7,97,109
1084,6,2025-05-06,108/73,72,17,37.2,98,92
1085,992,2023-07-26,136/90,70,15,36.4,99,102
1086,833,2024-03-14,91/84,97,22,36.4,96,156
1087,419,2023-11-02,151/84,50,13,36.1,100,70
1088,614,2025-03-10,156/78,57,19,36.9,95,99
1089,689,2024-08-04,147/75,100,13,35.8,98,70
1090,996,2023-02-06,122/80,63,23,36.6,99,127
1091,778,2025-01-27,155/67,50,22,36.9,98,96
1092,498,2024-12-22,113/88,53,17,37.1,99,97
1093,550,2024-12-16,119/92,83,23,35.7,99,75
1094,8,2024-01-12,118/93,59,24,37.2,99,72
1095,418,2024-11-18,116/76,56,20,36.4,97,96
1096,197,2023-12-13,115/85,65,20,36.3,97,70
1097,738,2025-01-16,141/93,85,16,36.6,94,70
1098,125,2024-05-15,135/78,54,10,36.9,99,70
1099,892,2023-02-18,123/83,66,20,36.4,94,94
1100,676,2024-11-25,147/76,59,18,36.7,97,114
1101,144,2024-09-17,106/73,85,12,37.4,100,70
1102,147,2023-10-22,149/81,95,16,36.5,97,70
1103,152,2024-11-05,138/72,89,22,36.3,96,130
1104,180,2023-10-18,110/93,64,21,36.4,98,129
1105,159,2024-07-23,130/90,53,14,36.6,96,129
1106,14,2023-11-08,109/72,89,11,36.1,99,140
1107,285,2024-01-13,123/63,85,13,37.2,97,134
1108,335,2022-12-04,111/73,50,13,36.7,98,118
1109,160,2023-11-18,144/80,76,20,36.7,96,84
1110,198,2024-05-08,90/70,50,17,37.2,96,72
1111,621,2023-09-12,138/75,78,18,36.2,96,84
1112,610,2024-07-09,90/84,84,16,37.3,97,118
1113,33,2025-05-08,129/72,92,16,37.1,95,103
1114,280,2025-02-04,110/71,96,16,35.9,97,128
1115,40,2023-04-27,102/70,72,17,36.2,98,101
1116,770,2023-10-20,123/60,75,14,36.8,96,88
1117,275,2024-02-01,130/94,55,18,37.2,99,134
1118,620,2023-02-08,109/92,64,16,36.3,97,70
1119,119,2024-09-18,90/91,50,17,36.0,96,120
1120,382,2022-11-10,123/78,92,14,37.2,95,70
1121,801,2025-01-25,117/80,62,14,37.3,97,70
1122,722,2025-01-11,90/100,96,14,37.0,98,138
1123,959,2024-08-30,98/69,94,10,36.6,97,123
1124,356,2023-06-26,122/78,69,12,36.5,100,91
1125,31,2023-01-15,148/87,82,15,36.3,100,123
1126,874,2022-09-14,117/96,84,10,36.4,99,145
1127,793,2024-06-22,167/80,84,13,36.2,94,111
1128,199,2024-06-17,145/87,76,20,38.1,96,70
1129,991,2023-03-03,126/90,51,19,36.4,98,72
1130,967,2024-02-11,100/68,85,13,36.7,98,70
1131,950,2024-12-11,121/82,90,21,36.1,98,70
1132,169,2023-03-17,137/90,50,14,36.2,97,83
1133,659,2023-11-13,119/89,70,12,36.5,97,97
1134,607,2024-12-26,107/83,94,10,36.8,99,86
1135,946,2023-01-15,145/79,58,10,37.0,99,146
1136,8,2023-02-19,133/79,82,16,36.4,96,70
1137,952,2024-02-17,105/79,50,13,37.1,100,84
1138,297,2025-01-09,108/72,66,20,37.4,94,75
1139,655,2023-05-23,90/79,67,17,36.9,99,70
1140,959,2023-06-29,119/63,101,14,35.9,96,106
1141,369,2022-09-03,134/93,75,14,36.9,99,103
1142,502,2023-10-18,136/73,74,10,37.3,97,141
1143,42,2023-09-04,106/83,75,13,36.8,100,153
1144,778,2024-01-20,134/67,53,20,36.1,99,104
1145,537,2024-09-05,146/85,74,24,37.0,99,79
1146,30,2024-12-30,97/77,52,14,37.0,99,89
1147,949,2023-11-03,178/92,74,20,36.3,98,89
1148,18,2022-12-20,95/85,74,16,36.6,96,147
1149,75,2025-04-15,124/77,55,21,37.1,98,70
1150,917,2024-07-06,153/76,64,15,36.8,97,70
1151,105,2023-08-12,124/89,61,22,37.0,98,70
1152,295,2022-10-21,125/83,73,19,36.4,97,80
1153,888,2023-05-11,110/78,72,15,37.1,100,70
1154,966,2024-06-06,149/86,61,14,36.7,94,97
1155,249,2024-07-05,130/72,52,16,37.7,96,79
1156,80,2023-08-21,115/95,50,19,36.4,97,70
1157,341,2022-11-29,115/70,66,10,35.7,98,137
1158,778,2024-12-31,180/89,67,10,36.9,95,75
1159,806,2023-03-21,137/82,61,10,36.7,98,145
1160,523,2023-03-22,90/81,88,14,35.8,96,101
1161,929,2025-02-01,110/83,94,14,37.2,97,110
1162,953,2023-07-08,117/83,83,18,36.6,91,117
1163,269,2024-07-19,90/73,50,22,36.8,97,142
1164,481,2023-10-18,130/81,80,14,36.0,99,97
1165,420,2023-02-10,90/85,75,22,36.7,95,70
1166,466,2024-07-19,145/79,62,13,37.2,98,132
1167,751,2022-11-17,124/71,101,14,37.0,100,100
1168,644,2024-12-29,97/73,85,18,37.3,100,71
1169,564,2025-04-02,148/69,83,25,36.8,94,90
1170,180,2025-02-11,163/77,94,12,36.4,97,158
1171,657,2023-12-04,113/61,110,16,36.9,94,107
1172,691,2023-10-19,120/70,85,10,36.1,100,78
1173,949,2023-08-24,110/80,69,18,36.7,94,77
1174,229,2025-04-16,103/75,76,17,35.4,100,97
1175,395,2024-09-24,97/89,50,10,37.7,98,77
1176,775,2024-05-22,122/78,75,17,36.5,98,95
1177,510,2022-10-18,103/68,94,18,37.1,98,106
1178,573,2023-07-22,116/91,69,12,36.9,97,107
1179,728,2022-08-22,134/74,71,14,37.2,98,104
1180,26,2023-06-20,96/87,81,12,37.6,98,81
1181,233,2024-01-20,119/76,98,19,36.8,100,70
1182,572,2023-09-18,135/85,71,15,37.1,99,70
1183,792,2025-01-11,156/91,70,12,37.2,98,121
1184,684,2024-12-11,131/92,87,13,36.3,98,168
1185,100,2024-09-24,117/83,88,14,37.0,98,137
1186,844,2023-07-03,101/103,70,18,36.6,95,124
1187,636,2023-04-28,114/85,62,14,36.5,99,109
1188,927,2023-05-05,116/76,79,16,36.7,100,116
1189,456,2024-08-26,158/79,74,13,36.8,97,85
1190,954,2022-10-13,90/94,69,21,36.6,99,102
1191,926,2024-09-06,128/69,92,14,37.1,95,77
1192,842,2023-05-03,127/78,81,16,37.5,99,87
1193,413,2023-09-07,112/92,52,18,36.0,100,87
1194,590,2025-04-25,130/80,54,18,36.2,99,70
1195,327,2023-01-27,124/80,65,21,36.6,97,108
1196,340,2023-10-22,90/104,58,18,36.6,100,105
1197,331,2022-09-02,107/61,50,15,37.3,94,155
1198,353,2022-10-16,141/66,58,12,36.7,97,97
1199,505,2023-02-26,109/81,87,15,36.3,99,93
1200,382,2023-09-11,131/79,91,20,37.2,96,83
1201,586,2024-06-30,137/79,74,13,37.3,100,96
1202,715,2023-03-15,107/73,76,17,36.2,95,102
1203,22,2023-10-30,137/80,71,11,36.3,99,70
1204,778,2024-07-29,155/80,51,18,36.8,97,128
1205,192,2023-09-28,107/86,74,14,37.3,99,70
1206,917,2023-04-16,127/98,95,12,37.4,99,70
1207,1,2023-01-06,124/84,58,18,37.8,100,104
1208,430,2023-08-31,114/83,60,14,35.6,98,89
1209,988,2024-02-24,132/81,59,16,36.2,100,74
1210,581,2023-07-27,110/69,58,16,36.0,97,112
1211,51,2023-06-03,111/60,95,17,36.7,97,124
1212,306,2024-05-07,138/90,79,10,36.8,98,83
1213,916,2024-12-04,103/85,73,14,37.4,99,113
1214,533,2023-08-26,144/83,64,14,37.0,99,113
1215,821,2023-10-31,97/88,74,18,36.2,100,107
1216,440,2025-04-24,111/86,87,18,36.1,100,89
1217,387,2025-03-02,119/60,68,14,36.8,96,70
1218,746,2025-03-21,124/77,64,16,35.7,99,94
1219,398,2024-06-04,114/89,66,17,36.5,100,114
1220,431,2024-01-25,97/97,90,16,36.4,95,112
1221,247,2024-09-12,106/71,86,22,36.4,99,106
1222,464,2023-03-27,127/71,71,11,36.0,99,84
1223,280,2024-04-24,101/67,52,10,36.7,92,114
1224,455,2022-11-06,129/79,76,14,36.7,98,139
1225,45,2025-02-14,150/95,63,19,36.9,96,73
1226,409,2024-06-18,112/69,54,17,36.6,98,127
1227,148,2024-02-10,116/88,63,13,36.6,100,138
1228,425,2025-02-03,141/66,77,19,37.6,94,121
1229,949,2024-09-23,141/84,54,17,36.8,98,79
1230,429,2023-06-30,103/84,64,13,36.5,98,131
1231,574,2025-02-28,96/67,69,10,36.9,94,121
1232,307,2023-09-16,142/82,50,16,36.2,95,117
1233,921,2023-10-22,135/92,70,16,37.4,100,132
1234,60,2024-12-17,113/80,72,18,36.2,98,109
1235,367,2024-09-26,127/69,78,23,36.4,98,70
1236,651,2025-04-19,125/82,76,18,36.5,100,73
1237,525,2024-07-26,148/82,73,10,36.0,98,78
1238,200,2024-01-05,139/82,53,19,36.5,97,131
1239,741,2024-03-27,92/68,79,10,36.3,99,96
1240,631,2023-08-20,92/81,68,13,38.4,99,91
1241,165,2023-07-24,137/77,67,17,36.9,99,142
1242,628,2022-12-22,143/88,89,20,37.0,94,114
1243,408,2024-07-11,147/71,69,15,36.7,96,101
1244,276,2024-07-05,130/60,76,14,35.7,99,109
1245,471,2023-03-09,123/86,79,13,37.0,99,70
1246,858,2023-12-16,137/77,84,16,36.5,99,90
1247,881,2022-10-21,141/92,66,15,36.4,98,139
1248,185,2024-06-13,90/65,73,16,36.1,98,77
1249,822,2022-11-24,111/92,69,14,36.7,100,98
1250,832,2025-04-30,108/85,87,20,36.6,98,123
1251,545,2024-07-25,123/93,84,23,37.1,94,88
1252,692,2024-11-02,90/73,69,19,36.4,100,79
1253,247,2023-04-09,114/67,96,22,36.5,95,93
1254,145,2022-10-30,124/73,110,23,35.7,95,113
1255,257,2024-11-12,98/81,75,15,37.1,100,111
1256,218,2024-07-05,95/81,66,23,36.9,98,119
1257,525,2025-05-05,119/92,66,19,37.4,96,110
1258,786,2025-04-07,128/69,54,12,36.6,98,88
1259,281,2025-02-17,158/90,81,14,36.6,100,127
1260,466,2023-05-14,138/76,67,10,36.9,94,99
1261,130,2024-06-28,111/82,92,21,37.0,96,99
1262,114,2023-05-03,102/73,82,12,36.4,95,119
1263,339,2024-05-24,112/60,99,20,35.6,99,145
1264,253,2022-09-18,116/81,70,18,37.1,95,78
1265,895,2024-03-28,122/83,81,15,36.2,99,70
1266,615,2025-01-19,110/80,82,14,37.0,100,81
1267,336,2023-11-09,127/82,69,10,36.8,98,132
1268,347,2024-06-21,113/73,61,10,36.4,100,138
1269,470,2024-07-25,100/74,67,21,37.7,98,107
1270,867,2022-09-03,130/79,79,16,36.8,93,85
1271,599,2022-10-02,96/86,63,10,35.7,98,72
1272,30,2024-04-11,117/95,80,13,36.0,98,96
1273,179,2023-01-06,131/60,92,10,36.4,100,70
1274,511,2023-10-11,118/77,74,17,36.6,95,102
1275,829,2024-04-17,119/79,106,21,37.5,98,153
1276,16,2024-11-24,102/76,66,14,36.6,98,112
1277,285,2024-11-22,154/64,56,10,36.2,97,79
1278,378,2024-02-01,97/80,69,12,36.7,96,134
1279,63,2024-09-07,116/76,78,10,37.2,99,76
1280,782,2024-10-03,97/69,53,10,35.9,92,89
1281,227,2023-07-07,117/92,89,13,36.5,100,86
1282,148,2023-08-13,123/73,75,16,36.4,100,74
1283,814,2024-05-28,122/97,79,12,36.8,100,101
1284,692,2023-09-03,135/80,79,15,36.1,98,70
1285,299,2024-05-07,113/99,73,12,36.7,96,103
1286,186,2022-09-29,96/87,76,11,36.8,100,76
1287,228,2022-12-23,135/84,81,19,36.5,98,102
1288,85,2024-06-14,102/84,69,23,36.3,95,133
1289,656,2023-11-06,105/67,80,21,37.0,96,103
1290,944,2023-01-31,114/96,68,16,36.7,95,94
1291,143,2023-11-19,116/93,77,14,36.5,97,98
1292,397,2024-09-20,138/89,60,20,37.0,97,70
1293,48,2024-07-27,124/76,83,18,37.3,95,164
1294,21,2022-10-19,137/87,103,17,37.1,98,125
1295,849,2024-12-17,143/90,52,14,37.2,98,98
1296,620,2024-02-19,130/68,86,17,36.6,97,106
1297,402,2024-11-02,114/76,101,10,35.8,99,70
1298,927,2022-11-19,90/90,93,10,35.7,95,79
1299,707,2023-08-16,158/75,87,18,37.3,96,99
1300,615,2025-02-06,115/85,93,24,36.4,98,126
1301,454,2024-11-29,132/97,73,14,37.3,98,116
1302,102,2023-12-29,118/89,62,14,35.3,96,127
1303,303,2022-09-08,120/70,96,16,37.4,99,105
1304,161,2023-09-03,156/76,58,22,36.9,100,126
1305,143,2023-01-11,152/74,72,15,36.5,94,104
1306,135,2025-04-12,135/73,61,15,37.0,95,170
1307,310,2025-02-09,94/74,92,19,37.0,96,85
1308,418,2024-01-20,102/76,80,12,35.7,100,94
1309,555,2022-10-03,134/76,83,25,36.0,96,72
1310,788,2024-11-09,162/79,88,10,36.8,97,141
1311,927,2025-01-07,133/75,98,22,37.4,99,91
1312,368,2023-06-09,124/75,78,13,36.5,100,109
1313,247,2023-09-13,111/68,73,18,36.7,97,112
1314,181,2022-10-31,127/87,85,15,36.5,98,116
1315,416,2024-04-13,142/76,72,12,35.9,95,70
1316,619,2024-10-07,106/84,58,16,37.0,96,85
1317,487,2022-12-12,93/70,95,18,37.7,96,145
1318,855,2025-05-04,105/74,115,12,37.4,97,70
1319,406,2024-09-25,91/81,58,14,35.6,98,70
1320,130,2023-01-21,118/66,93,10,36.5,99,110
1321,364,2023-04-01,95/62,86,15,36.1,99,83
1322,34,2022-08-19,106/71,63,12,36.8,100,70
1323,221,2025-01-05,113/78,81,19,36.5,96,117
1324,860,2024-09-15,90/60,113,12,36.4,99,110
1325,601,2024-11-30,137/89,53,21,36.9,98,112
1326,513,2025-03-24,90/77,60,11,36.4,99,108
1327,310,2023-11-12,128/75,80,15,37.1,99,104
1328,799,2022-09-22,103/82,78,16,36.4,96,109
1329,842,2024-05-08,102/77,83,17,36.0,98,160
1330,8,2024-11-01,133/77,94,24,37.0,94,118
1331,155,2025-03-24,146/60,89,15,37.3,97,110
1332,429,2025-02-01,127/87,81,12,36.5,97,136
1333,688,2023-09-18,129/73,61,18,36.4,99,98
1334,50,2025-01-21,149/72,96,19,36.4,96,157
1335,591,2024-09-06,101/83,80,16,37.0,96,157
1336,659,2024-09-02,103/78,53,20,37.5,100,134
1337,217,2024-04-22,112/80,70,11,36.5,99,73
1338,634,2024-09-20,90/67,87,10,36.4,97,107
1339,502,2023-08-30,124/84,72,12,37.1,94,123
1340,499,2025-02-12,142/103,63,13,36.6,97,125
1341,619,2025-03-07,130/76,73,19,36.0,97,116
1342,3,2025-03-11,98/60,96,15,36.0,99,93
1343,662,2025-04-17,99/83,75,13,36.2,95,122
1344,189,2023-05-15,95/72,76,21,36.7,99,103
1345,596,2023-07-16,138/99,68,16,36.7,99,103
1346,350,2024-02-24,109/79,111,17,35.6,97,100
1347,102,2024-04-19,117/79,79,18,36.7,99,70
1348,150,2024-11-02,114/84,78,13,36.3,96,129
1349,862,2024-05-26,90/67,81,18,35.8,99,105
1350,386,2023-05-08,130/80,81,17,36.8,98,97
1351,736,2023-06-16,118/82,87,23,36.9,98,136
1352,288,2023-05-24,127/69,64,23,36.2,99,70
1353,505,2025-03-05,145/75,76,15,36.9,98,127
1354,527,2023-04-13,133/82,84,18,36.4,97,146
1355,378,2024-05-12,134/84,62,10,36.5,97,90
1356,994,2023-09-03,137/95,91,13,36.9,97,70
1357,317,2025-05-07,118/92,69,19,36.3,99,92
1358,745,2024-02-04,150/76,66,21,36.3,98,82
1359,594,2023-08-12,138/92,64,18,36.9,98,145
1360,832,2022-11-01,150/71,93,18,36.7,97,70
1361,147,2024-09-19,125/83,104,13,35.8,95,147
1362,1,2024-07-21,111/93,75,12,37.6,100,94
1363,813,2023-03-03,139/81,81,23,35.8,97,100
1364,353,2023-04-26,126/67,88,11,36.0,97,156
1365,824,2022-08-13,170/84,71,16,36.8,100,70
1366,223,2024-12-21,143/65,67,15,36.8,97,105
1367,761,2024-09-12,120/64,83,19,37.3,100,112
1368,85,2022-08-28,148/80,53,19,37.0,98,98
1369,395,2023-07-13,129/76,81,12,36.2,95,167
1370,643,2024-01-16,121/92,58,15,36.9,100,81
1371,477,2022-10-14,111/72,73,11,35.9,98,120
1372,801,2023-11-09,97/73,73,22,35.2,98,120
1373,787,2025-02-21,105/76,79,15,37.4,98,125
1374,292,2024-06-04,129/86,63,16,36.6,96,127
1375,386,2024-07-17,90/93,50,15,37.1,95,112
1376,452,2023-04-19,126/83,69,14,35.8,97,127
1377,295,2023-01-03,110/75,98,15,36.8,99,95
1378,251,2024-02-10,133/89,88,20,35.6,95,84
1379,14,2023-02-28,104/72,88,16,36.5,97,87
1380,758,2025-01-08,115/93,50,21,37.7,100,70
1381,630,2024-07-11,110/90,71,13,36.5,95,96
1382,968,2023-03-26,95/87,62,16,36.4,98,124
1383,362,2024-10-21,125/72,66,25,37.1,97,82
1384,694,2023-08-19,91/91,64,20,37.0,100,122
1385,717,2022-10-18,115/80,75,14,35.8,93,122
1386,107,2022-10-10,116/89,69,15,37.1,100,90
1387,83,2023-06-23,99/92,70,14,36.4,96,123
1388,463,2022-08-16,93/81,78,13,37.4,99,86
1389,511,2024-02-26,117/88,76,21,36.9,98,107
1390,993,2024-03-05,180/69,58,15,37.3,93,70
1391,729,2024-02-26,112/101,75,11,37.0,100,80
1392,349,2025-03-11,129/81,83,14,36.9,99,121
1393,353,2024-11-09,90/65,64,17,36.9,95,109
1394,675,2024-01-13,138/86,68,14,36.0,100,114
1395,664,2022-11-04,90/92,84,20,36.3,97,75
1396,778,2024-03-07,162/74,60,13,36.4,100,108
1397,69,2025-01-01,144/82,72,11,37.4,99,132
1398,28,2023-02-27,138/72,78,20,37.1,98,159
1399,590,2024-11-27,130/93,78,14,37.1,99,110
1400,568,2025-02-10,103/90,63,19,36.1,96,108
1401,842,2023-05-23,131/82,67,20,36.7,98,95
1402,664,2024-06-15,105/91,65,22,36.2,98,102
1403,489,2023-10-27,117/86,86,18,36.1,95,70
1404,57,2024-03-19,115/101,74,24,36.6,98,117
1405,679,2025-02-23,114/82,50,12,35.8,99,70
1406,817,2023-05-02,148/83,89,13,36.0,97,131
1407,640,2025-03-09,162/85,55,12,35.9,97,91
1408,160,2024-12-25,117/69,57,16,36.8,95,114
1409,252,2025-02-28,138/60,98,18,37.1,95,123
1410,692,2025-01-13,138/73,86,15,36.3,97,105
1411,401,2024-01-06,113/72,80,18,36.7,94,82
1412,642,2023-10-27,103/97,76,14,36.3,97,122
1413,697,2022-10-03,90/82,67,17,37.0,96,70
1414,453,2025-04-15,113/92,87,14,36.3,96,70
1415,396,2023-08-04,135/89,69,13,36.3,97,77
1416,846,2024-01-06,116/87,85,12,36.7,99,71
1417,648,2024-02-27,122/92,71,10,35.3,98,103
1418,210,2024-05-31,123/84,52,12,36.8,99,92
1419,252,2024-12-22,91/83,75,11,35.6,99,81
1420,155,2024-10-18,123/81,57,17,36.2,95,70
1421,701,2023-12-29,119/95,75,23,37.3,99,147
1422,127,2023-11-04,149/91,50,15,36.3,100,90
1423,365,2023-09-18,155/81,74,14,36.5,98,98
1424,160,2025-02-25,110/75,102,23,36.4,99,75
1425,890,2024-12-19,113/69,90,17,36.9,99,73
1426,388,2023-01-22,113/84,69,16,36.2,100,128
1427,652,2023-11-27,144/86,58,14,36.2,97,131
1428,738,2024-07-22,90/74,69,10,36.7,97,133
1429,663,2023-12-02,114/84,76,10,35.9,98,110
1430,377,2024-03-11,118/93,82,22,35.4,100,81
1431,226,2022-10-19,120/91,50,14,37.1,96,127
1432,510,2025-02-13,133/81,83,21,36.9,99,73
1433,86,2024-07-21,131/84,91,11,37.1,96,170
1434,867,2024-12-05,102/68,70,20,36.8,100,90
1435,621,2024-06-24,110/72,67,10,36.3,95,121
1436,198,2025-04-17,149/82,64,18,36.6,100,71
1437,42,2025-04-10,102/87,74,19,36.2,98,116
1438,962,2023-04-06,90/79,50,21,35.9,97,99
1439,251,2024-01-31,100/98,64,14,36.3,96,96
1440,851,2024-05-30,134/81,63,15,35.9,100,84
1441,792,2022-10-22,110/60,67,22,36.9,100,103
1442,252,2023-10-04,90/80,78,19,36.6,96,97
1443,771,2023-11-06,113/85,73,12,36.9,96,90
1444,579,2022-10-23,110/82,54,16,37.1,98,79
1445,714,2024-12-08,112/82,83,22,35.8,98,105
1446,895,2024-09-02,118/83,71,12,36.7,99,98
1447,720,2023-05-26,141/77,81,10,37.7,97,85
1448,75,2024-10-09,114/70,57,16,36.7,98,98
1449,147,2024-08-17,118/67,67,16,36.3,98,95
1450,448,2024-05-22,117/82,82,18,37.6,99,70
1451,614,2023-07-05,98/77,63,17,36.8,97,135
1452,642,2023-12-12,149/61,53,20,37.0,99,100
1453,872,2024-04-15,117/85,77,21,36.3,98,126
1454,390,2023-08-21,123/86,84,14,36.1,96,70
1455,214,2024-12-31,90/90,50,23,36.3,97,70
1456,995,2024-01-05,127/77,75,12,36.8,96,102
1457,774,2022-08-26,129/94,87,16,36.6,98,123
1458,549,2023-05-10,105/89,60,17,36.9,96,70
1459,265,2025-01-24,114/60,72,11,38.2,100,102
1460,503,2023-07-05,146/87,57,13,37.1,96,111
1461,568,2024-10-15,133/77,77,19,37.0,98,99
1462,821,2023-06-10,131/60,97,15,36.2,99,117
1463,509,2024-03-13,100/80,75,15,37.4,97,96
1464,351,2023-10-04,106/71,80,14,36.5,98,101
1465,74,2022-11-18,122/81,84,26,37.2,97,136
1466,350,2022-11-04,98/74,85,18,36.9,96,82
1467,216,2022-10-11,122/77,88,14,36.4,94,126
1468,537,2024-12-18,126/60,81,14,37.0,97,75
1469,43,2025-02-02,154/95,72,17,36.4,94,139
1470,101,2023-03-04,104/92,85,17,36.6,99,72
1471,282,2023-06-26,146/81,97,15,36.7,98,117
1472,892,2025-04-08,156/75,73,15,35.4,96,85
1473,835,2024-04-07,172/82,82,10,36.6,99,175
1474,824,2024-05-13,106/61,63,12,36.2,99,110
1475,168,2023-05-23,97/94,103,10,37.2,97,71
1476,439,2024-04-02,90/75,67,16,37.7,96,70
1477,300,2024-11-02,113/90,71,18,36.7,98,147
1478,442,2024-02-09,100/69,61,17,36.6,99,97
1479,887,2023-02-17,116/83,100,11,36.1,98,160
1480,898,2024-09-26,98/79,61,17,35.6,95,138
1481,893,2022-11-13,120/72,74,15,36.9,93,70
1482,378,2025-03-05,100/86,74,21,37.0,97,98
1483,825,2024-12-13,145/94,73,12,35.5,93,114
1484,500,2024-11-03,129/73,94,15,36.3,100,131
1485,287,2024-06-20,118/85,84,24,36.5,95,118
1486,966,2024-05-21,121/81,74,10,36.7,97,90
1487,226,2022-08-28,112/79,78,15,37.2,99,97
1488,828,2022-10-21,99/85,70,15,35.9,98,177
1489,255,2023-12-26,109/86,93,13,35.4,99,102
1490,973,2023-01-06,126/80,92,15,37.7,99,130
1491,375,2023-06-21,120/83,50,13,37.1,97,70
1492,402,2024-06-22,106/73,74,12,37.3,98,70
1493,953,2023-04-01,150/79,82,17,36.8,97,109
1494,396,2023-08-20,117/83,72,14,35.9,97,106
1495,481,2022-08-13,156/84,64,11,36.7,96,82
1496,421,2024-08-16,105/76,86,10,37.2,97,80
1497,542,2024-02-13,137/77,59,10,36.9,99,87
1498,524,2024-07-13,146/80,94,12,36.1,96,88
1499,603,2024-02-28,143/82,63,16,36.4,96,97
1500,164,2024-11-22,116/72,63,19,36.8,99,91
1501,286,2023-01-27,98/74,90,10,37.3,95,123
1502,822,2023-09-26,99/74,50,23,36.9,99,85
1503,295,2023-05-15,101/87,56,15,36.0,98,70
1504,377,2023-01-10,90/71,84,13,37.1,100,90
1505,124,2025-04-17,90/89,51,12,35.7,99,117
1506,315,2024-03-19,152/75,62,13,35.9,100,201
1507,641,2024-12-19,105/85,72,17,37.1,95,85
1508,323,2025-05-04,144/85,79,18,36.9,100,122
1509,982,2024-03-12,118/83,73,13,36.6,97,70
1510,593,2024-12-28,135/89,83,19,36.5,96,128
1511,994,2023-10-06,98/69,81,17,37.1,94,97
1512,429,2024-06-09,97/88,95,18,36.3,96,87
1513,393,2023-11-10,103/78,63,10,36.8,98,150
1514,952,2024-06-02,111/61,87,19,37.2,100,144
1515,880,2025-01-17,100/95,70,19,36.7,96,134
1516,147,2023-01-22,110/98,63,11,36.3,100,70
1517,689,2025-03-15,138/98,72,14,36.6,95,179
1518,888,2024-03-04,133/67,62,16,36.0,94,108
1519,785,2024-12-31,140/89,74,14,36.6,99,70
1520,769,2024-02-06,104/76,71,15,36.6,99,70
1521,897,2024-03-08,90/73,87,13,36.6,98,109
1522,729,2023-12-22,151/86,89,15,37.3,98,70
1523,184,2023-09-06,169/80,82,11,37.7,96,88
1524,968,2024-09-15,90/83,70,10,36.6,98,92
1525,758,2024-06-16,90/82,55,19,36.3,99,100
1526,720,2025-04-17,121/92,62,11,36.9,95,76
1527,629,2024-02-13,90/91,59,13,36.0,97,95
1528,599,2023-03-05,136/66,65,21,37.1,96,98
1529,221,2024-08-19,159/68,50,13,36.6,96,129
1530,702,2022-11-23,124/73,66,13,37.0,97,70
1531,276,2022-12-04,139/77,54,22,36.9,98,93
1532,142,2025-02-24,114/76,70,13,36.5,96,106
1533,135,2023-09-28,119/72,73,18,35.5,99,70
1534,113,2024-07-05,110/60,83,13,36.4,98,70
1535,448,2022-12-02,121/86,77,14,36.6,97,122
1536,802,2023-07-07,145/75,78,13,36.8,98,94
1537,381,2022-10-30,130/80,74,12,36.7,96,126
1538,5,2024-10-31,103/82,71,17,36.6,96,132
1539,151,2023-02-23,102/86,50,14,37.4,97,102
1540,201,2024-07-14,152/78,78,18,35.9,97,103
1541,915,2023-12-21,90/93,86,18,37.3,99,93
1542,473,2023-10-24,90/73,65,18,36.6,94,125
1543,878,2023-06-03,146/94,58,17,36.1,100,100
1544,958,2022-12-16,112/74,80,18,35.8,100,114
1545,717,2023-06-25,147/97,73,19,36.3,97,147
1546,748,2023-05-25,105/81,61,13,36.3,100,115
1547,7,2024-07-20,136/61,75,14,36.8,100,70
1548,933,2024-05-21,127/102,67,16,36.9,93,107
1549,996,2023-12-22,104/100,71,13,37.0,98,126
1550,741,2023-10-07,158/74,100,23,36.2,96,101
1551,475,2022-12-13,116/97,62,16,36.2,98,164
1552,899,2024-12-20,156/83,84,17,36.4,100,139
1553,383,2025-01-10,124/77,72,17,36.6,100,114
1554,885,2023-11-24,100/68,89,11,36.4,97,70
1555,299,2023-05-26,126/78,65,24,35.4,96,82
1556,672,2025-03-17,92/102,108,13,37.2,99,149
1557,470,2025-04-15,117/84,96,20,36.7,96,77
1558,209,2024-09-16,90/87,78,17,36.6,95,109
1559,666,2023-08-23,132/71,74,13,36.5,95,91
1560,543,2024-12-23,152/74,64,13,36.5,100,142
1561,96,2024-07-14,117/73,50,12,35.6,99,140
1562,464,2023-10-19,112/83,58,10,36.6,98,151
1563,697,2022-12-30,161/77,88,17,36.6,97,95
1564,970,2022-09-16,117/96,78,22,36.2,92,86
1565,971,2024-12-13,103/65,94,10,36.9,100,70
1566,793,2024-09-03,115/93,68,17,36.9,98,86
1567,198,2024-02-09,104/69,83,13,37.2,100,70
1568,661,2023-04-22,134/100,62,20,36.9,99,77
1569,902,2024-12-01,158/73,84,15,36.9,96,70
1570,711,2025-03-13,125/76,68,18,35.9,100,103
1571,949,2023-10-06,135/85,83,11,37.2,98,85
1572,716,2023-05-20,117/83,77,18,37.4,95,122
1573,277,2024-06-19,117/91,99,16,36.9,100,129
1574,66,2023-05-06,145/77,67,11,36.5,97,95
1575,945,2024-03-31,129/85,74,17,37.0,96,127
1576,500,2024-03-26,107/94,77,16,35.7,99,102
1577,785,2023-04-23,123/79,84,19,36.8,100,78
1578,456,2025-04-27,108/84,84,18,36.0,95,94
1579,405,2024-10-20,90/82,73,12,36.3,98,70
1580,417,2023-08-03,107/77,70,14,37.3,99,80
1581,225,2023-06-22,99/75,93,10,36.6,97,135
1582,144,2022-12-22,139/65,92,10,36.9,99,150
1583,884,2023-02-27,124/73,59,21,37.4,97,100
1584,828,2023-11-24,147/87,72,12,36.2,99,88
1585,437,2024-10-16,111/86,76,17,36.4,97,77
1586,5,2025-01-14,134/80,79,11,36.9,98,121
1587,69,2024-12-19,126/82,50,20,35.9,100,97
1588,905,2023-02-17,90/79,52,20,36.3,95,119
1589,846,2024-12-05,119/85,73,20,36.4,94,70
1590,28,2023-01-19,128/73,94,11,37.1,97,139
1591,972,2022-12-30,130/81,84,20,36.6,94,136
1592,51,2022-11-09,114/105,65,14,37.0,99,112
1593,910,2023-05-03,108/68,64,10,37.6,95,91
1594,693,2023-11-26,133/80,66,15,36.3,97,111
1595,300,2023-12-11,99/90,76,13,36.4,100,124
1596,941,2024-08-08,124/73,83,16,37.5,97,150
1597,130,2024-04-07,123/69,120,10,35.6,93,182
1598,837,2024-08-23,162/81,81,17,35.7,100,139
1599,792,2022-08-26,95/83,73,15,36.3,97,84
1600,891,2023-10-31,141/79,64,15,36.5,97,120
1601,209,2024-10-12,114/74,54,15,37.2,97,84
1602,771,2024-10-04,104/62,92,17,37.0,98,75
1603,434,2022-12-22,113/74,68,14,37.2,100,73
1604,463,2023-06-18,116/82,60,16,36.8,97,118
1605,591,2024-04-14,120/60,60,21,36.9,92,70
1606,24,2022-09-13,134/74,50,20,37.0,96,137
1607,809,2023-12-05,104/73,67,10,36.8,99,86
1608,171,2022-09-21,134/64,85,17,36.3,98,73
1609,708,2023-11-03,142/85,80,14,37.0,100,148
1610,620,2024-03-20,109/88,95,15,37.3,98,70
1611,511,2023-04-29,105/65,74,15,36.7,100,99
1612,758,2023-07-26,114/78,50,18,36.5,98,93
1613,88,2023-05-26,122/66,74,13,36.6,95,114
1614,212,2024-04-14,120/67,89,13,36.4,99,132
1615,9,2022-12-19,110/81,85,21,36.6,98,72
1616,344,2023-07-24,90/85,62,12,36.9,97,106
1617,694,2024-08-23,94/70,99,13,36.5,98,70
1618,622,2022-10-13,147/80,71,20,37.1,100,86
1619,293,2022-11-09,163/86,100,19,36.3,96,70
1620,446,2022-11-24,90/73,94,14,36.3,99,74
1621,938,2023-09-04,156/77,88,15,36.6,100,106
1622,137,2025-04-15,149/72,55,10,37.2,99,92
1623,576,2024-04-25,125/90,72,10,35.7,95,103
1624,940,2024-03-06,101/90,55,13,35.7,97,100
1625,287,2023-10-06,141/81,86,20,36.8,96,112
1626,733,2023-01-07,149/76,83,18,36.4,99,88
1627,54,2025-01-13,129/77,75,19,35.6,99,121
1628,888,2024-10-29,108/79,60,12,36.7,100,119
1629,150,2024-08-15,103/87,83,10,36.4,97,103
1630,637,2024-04-26,119/81,60,14,36.5,100,79
1631,782,2022-12-04,115/76,98,18,36.1,98,70
1632,96,2022-10-23,125/93,50,11,36.7,97,106
1633,578,2022-09-30,118/63,84,10,36.7,97,172
1634,221,2024-04-21,117/83,83,17,36.6,96,96
1635,52,2023-01-16,90/84,118,16,36.8,94,75
1636,669,2022-08-21,137/65,64,18,37.0,97,103
1637,912,2022-11-26,122/67,73,16,36.6,94,146
1638,1,2025-02-19,98/80,79,14,36.7,96,164
1639,111,2022-11-01,114/88,58,18,36.2,95,70
1640,340,2024-07-15,103/81,118,26,36.4,99,70
1641,401,2025-01-17,90/80,83,19,37.1,97,102
1642,487,2024-05-21,136/91,61,16,36.9,98,81
1643,806,2022-10-31,120/85,63,11,37.6,98,128
1644,544,2023-05-08,124/90,76,18,36.0,94,85
1645,708,2022-11-05,91/60,79,10,37.1,100,70
1646,726,2023-07-22,125/98,67,18,37.8,94,70
1647,62,2023-11-03,131/101,64,25,36.7,94,147
1648,899,2025-03-21,110/84,50,12,35.9,94,102
1649,222,2022-09-08,131/74,53,10,36.8,98,111
1650,537,2023-04-19,151/85,81,25,36.5,100,142
1651,522,2023-09-27,114/88,71,10,36.6,95,106
1652,655,2023-03-26,136/77,78,16,37.0,98,90
1653,746,2023-04-18,135/81,50,14,36.3,98,101
1654,37,2024-07-21,90/65,60,16,37.1,94,79
1655,262,2023-07-26,119/70,76,18,36.2,98,96
1656,70,2025-03-08,97/78,81,21,37.4,96,81
1657,289,2025-03-08,120/74,93,16,36.6,99,104
1658,279,2024-09-04,126/82,72,12,37.5,96,149
1659,66,2024-05-18,126/73,83,19,37.5,95,95
1660,416,2024-04-10,147/87,82,21,36.5,93,89
1661,916,2023-12-05,160/82,62,21,37.0,98,117
1662,349,2025-02-21,99/76,74,20,36.3,97,143
1663,704,2024-10-03,170/71,77,10,36.6,97,137
1664,854,2024-06-05,96/66,97,13,36.7,98,76
1665,196,2023-11-22,104/91,85,15,36.5,98,111
1666,650,2023-07-09,145/79,81,18,37.0,100,99
1667,106,2024-08-01,108/76,84,15,37.7,98,71
1668,528,2023-07-18,126/95,62,12,36.5,96,70
1669,223,2024-01-07,90/82,85,13,36.6,98,70
1670,318,2024-01-26,137/82,82,18,37.8,95,73
1671,328,2024-05-14,153/86,76,14,36.5,97,70
1672,518,2025-03-19,139/60,62,14,37.7,97,109
1673,202,2025-03-27,102/88,119,17,36.4,93,120
1674,640,2023-07-25,100/72,88,14,36.6,99,78
1675,13,2025-01-24,94/84,86,13,36.3,95,121
1676,945,2024-03-23,158/89,73,18,36.2,98,70
1677,529,2022-09-29,117/90,87,18,36.8,96,104
1678,326,2024-04-14,135/77,71,14,36.5,96,100
1679,289,2024-02-06,113/65,114,11,36.5,98,83
1680,113,2023-12-28,118/71,85,15,37.0,100,91
1681,861,2023-01-25,135/95,73,18,36.4,100,85
1682,462,2023-10-25,134/89,57,13,36.2,100,70
1683,269,2025-04-03,126/87,77,21,35.6,99,94
1684,94,2022-08-28,90/69,98,18,37.0,99,70
1685,950,2023-08-26,124/90,68,21,36.3,98,111
1686,39,2024-12-02,135/77,90,17,35.8,100,71
1687,910,2024-01-22,158/78,69,17,36.3,94,96
1688,810,2022-10-19,127/95,57,18,36.5,98,129
1689,673,2025-01-24,109/81,91,20,36.0,96,95
1690,415,2022-11-03,136/77,76,21,36.4,100,70
1691,621,2023-11-17,112/66,76,19,36.5,97,70
1692,711,2023-10-15,153/79,68,22,36.4,96,78
1693,662,2023-05-20,102/69,64,25,36.0,95,108
1694,210,2023-12-31,118/86,66,12,37.4,94,110
1695,719,2025-01-24,133/88,70,11,37.3,97,145
1696,447,2025-02-03,127/75,80,20,36.6,96,70
1697,110,2024-04-30,111/88,59,18,36.6,99,70
1698,529,2022-10-02,91/75,102,12,36.5,100,112
1699,399,2024-03-01,137/73,92,21,36.9,97,116
1700,819,2023-11-27,90/90,62,14,37.3,100,70
1701,433,2025-01-14,101/86,50,21,36.7,100,77
1702,88,2023-10-05,106/90,70,11,36.9,94,143
1703,585,2024-01-14,123/71,92,20,36.6,100,167
1704,847,2023-01-09,126/90,94,11,36.7,96,75
1705,395,2024-02-15,122/81,50,17,36.5,100,134
1706,365,2023-09-24,102/93,83,15,36.3,95,70
1707,754,2023-05-11,90/80,50,12,36.9,100,70
1708,534,2024-10-15,132/76,67,16,36.3,97,102
1709,680,2024-10-18,143/93,66,14,37.0,97,121
1710,164,2024-03-12,138/90,76,11,36.5,96,123
1711,68,2024-01-08,150/95,88,12,37.3,98,75
1712,891,2025-03-28,137/77,50,12,36.6,97,70
1713,737,2024-06-15,135/85,53,26,36.0,97,111
1714,886,2025-04-11,110/94,72,12,36.9,92,116
1715,341,2022-08-21,145/60,68,10,36.6,100,106
1716,550,2024-10-09,115/60,58,15,36.6,98,123
1717,384,2024-10-27,101/80,67,12,36.2,99,70
1718,262,2024-05-09,90/111,65,21,36.6,96,119
1719,660,2023-11-04,121/78,74,17,36.3,97,70
1720,69,2023-09-15,95/98,61,19,36.4,99,99
1721,357,2024-03-03,90/80,84,12,37.8,99,124
1722,336,2024-02-14,138/60,85,25,37.0,97,70
1723,723,2024-12-07,95/66,68,11,36.5,98,70
1724,559,2024-04-26,104/74,65,16,36.7,97,79
1725,253,2024-05-01,119/94,53,20,35.8,98,131
1726,975,2024-09-06,93/83,59,20,35.8,96,103
1727,254,2023-09-25,134/80,82,13,36.1,100,114
1728,672,2023-09-10,110/63,93,21,36.5,96,92
1729,789,2023-03-22,115/87,57,13,36.5,98,125
1730,522,2024-11-23,126/97,60,21,36.1,97,111
1731,290,2024-11-27,143/76,80,14,35.5,97,70
1732,398,2024-03-26,145/92,62,12,36.3,99,116
1733,676,2024-12-15,180/76,76,23,36.7,95,110
1734,97,2024-01-16,134/76,86,18,36.4,100,76
1735,928,2023-03-06,128/73,50,17,37.6,97,70
1736,718,2024-01-02,124/71,90,15,35.7,99,106
1737,344,2023-10-15,114/69,101,14,37.0,97,120
1738,45,2025-03-02,121/80,62,18,37.3,95,75
1739,698,2024-06-05,178/69,66,21,37.3,93,122
1740,553,2023-01-27,116/78,92,14,36.3,97,89
1741,275,2022-10-01,126/93,81,15,36.9,99,117
1742,436,2024-02-26,106/84,50,22,37.4,99,137
1743,562,2023-12-30,118/72,56,20,36.2,97,106
1744,620,2022-12-02,119/82,50,15,37.0,97,74
1745,214,2025-05-05,139/75,77,15,36.6,100,117
1746,835,2022-11-26,95/76,68,16,37.1,98,100
1747,796,2024-10-14,90/93,72,17,36.7,96,92
1748,7,2024-12-05,104/93,50,12,36.4,100,121
1749,808,2023-11-29,90/78,85,24,36.4,95,109
1750,350,2024-10-12,119/84,85,17,36.9,100,91
1751,162,2022-10-30,95/83,55,11,36.2,95,135
1752,846,2024-01-22,120/87,82,15,37.1,97,94
1753,184,2024-01-05,105/94,73,18,36.3,99,123
1754,773,2024-04-11,90/80,76,14,37.3,95,86
1755,441,2023-09-11,103/90,59,10,36.8,97,131
1756,574,2023-01-30,136/79,53,11,35.7,97,80
1757,663,2024-09-24,116/81,103,18,36.6,94,100
1758,262,2024-06-19,137/83,59,14,36.6,97,81
1759,72,2023-07-26,90/72,78,19,36.6,100,97
1760,380,2023-01-30,102/75,82,14,36.3,94,73
1761,757,2023-05-13,112/74,60,22,36.9,100,70
1762,63,2024-11-22,126/75,75,23,35.7,96,77
1763,328,2025-01-01,108/60,94,21,36.9,95,108
1764,896,2023-11-26,137/83,74,21,36.2,97,118
1765,380,2022-09-16,126/85,83,18,36.4,96,104
1766,308,2024-02-28,150/79,83,16,37.6,97,118
1767,110,2022-08-22,105/68,74,20,36.9,93,121
1768,245,2025-05-05,90/88,83,15,37.0,97,104
1769,824,2023-10-30,91/77,88,10,37.0,93,70
1770,479,2023-01-23,113/81,66,13,37.2,100,87
1771,196,2022-09-19,112/77,108,16,37.4,99,96
1772,938,2025-05-02,107/87,63,14,36.9,97,88
1773,549,2022-10-14,113/73,81,16,35.9,97,88
1774,578,2022-10-06,112/85,64,26,37.3,100,70
1775,484,2025-01-01,90/76,79,15,36.3,94,79
1776,908,2023-05-01,115/75,67,12,37.4,99,128
1777,863,2025-05-01,125/66,86,21,37.3,99,100
1778,655,2024-01-28,119/85,50,18,36.4,100,90
1779,784,2023-01-12,123/81,64,17,36.8,100,121
1780,230,2023-10-19,123/71,63,22,36.6,100,75
1781,886,2023-05-08,163/70,68,17,37.1,99,70
1782,865,2024-11-20,108/68,54,15,35.5,99,122
1783,973,2023-12-31,152/69,60,20,37.2,100,134
1784,813,2024-01-09,124/75,86,14,36.7,97,107
1785,481,2024-01-29,144/76,67,15,36.0,99,103
1786,942,2023-04-06,119/83,52,21,36.3,97,125
1787,973,2023-03-28,132/99,60,12,36.0,98,91
1788,119,2025-01-06,106/79,59,22,36.3,96,70
1789,900,2023-03-23,90/74,70,18,35.9,98,118
1790,514,2024-07-14,133/90,57,18,37.5,100,156
1791,144,2024-06-17,124/74,50,11,36.3,97,76
1792,132,2023-05-31,126/81,75,19,36.4,100,70
1793,751,2024-01-03,113/83,50,13,37.0,97,70
1794,669,2023-12-10,102/66,82,16,35.8,94,78
1795,944,2024-04-05,120/73,80,17,36.9,95,91
1796,204,2025-05-08,141/73,62,14,36.3,98,82
1797,799,2023-08-31,90/91,82,16,36.6,97,76
1798,63,2025-05-01,90/96,75,10,36.1,98,108
1799,454,2022-10-23,105/69,66,10,36.4,97,145
1800,85,2024-12-11,110/82,98,11,36.3,96,70
1801,75,2025-03-21,114/91,87,20,36.3,95,167
1802,848,2024-12-16,124/63,113,15,35.1,100,70
1803,734,2022-12-13,125/88,85,22,37.1,100,97
1804,286,2024-12-16,111/76,95,13,37.0,96,74
1805,199,2024-07-11,143/84,50,12,35.3,97,91
1806,692,2024-07-16,110/92,81,25,36.9,99,108
1807,501,2024-09-30,114/73,71,15,36.6,99,109
1808,910,2023-06-15,109/72,78,12,36.4,96,172
1809,988,2025-03-17,94/72,66,14,37.1,97,70
1810,358,2023-04-14,148/82,81,18,36.0,97,124
1811,675,2023-12-31,107/83,83,10,36.1,93,106
1812,870,2023-01-19,157/73,72,20,36.7,96,145
1813,709,2023-07-01,123/77,72,18,36.3,100,137
1814,458,2024-01-15,120/80,62,13,36.0,97,101
1815,97,2023-03-26,90/86,61,17,37.0,100,132
1816,634,2023-01-06,153/88,77,14,36.5,100,94
1817,951,2023-02-27,119/94,71,12,37.2,96,112
1818,729,2022-10-28,124/83,50,19,36.6,99,115
1819,438,2022-09-25,126/76,69,15,36.7,97,128
1820,124,2023-06-15,113/70,83,23,36.0,97,131
1821,594,2023-09-21,131/86,75,10,36.7,98,133
1822,647,2024-01-09,104/96,70,14,36.2,100,70
1823,111,2024-04-19,132/71,74,10,37.0,97,116
1824,374,2023-05-14,116/85,74,18,36.9,98,72
1825,625,2024-02-20,111/72,96,19,36.6,96,76
1826,359,2023-03-11,122/98,75,20,36.7,99,85
1827,409,2024-03-23,116/71,79,15,36.8,96,113
1828,789,2024-01-29,123/81,80,15,38.5,98,103
1829,417,2024-07-10,134/74,66,19,37.0,100,70
1830,42,2023-08-27,117/83,85,18,36.2,99,109
1831,625,2023-04-30,126/69,60,23,37.1,97,98
1832,698,2024-04-18,164/80,73,12,36.5,94,115
1833,537,2022-12-16,145/92,64,10,36.8,100,70
1834,241,2024-10-22,112/83,62,10,36.2,96,70
1835,295,2023-03-04,141/95,75,18,35.9,97,82
1836,273,2025-04-23,128/60,70,18,36.7,99,82
1837,18,2023-08-19,90/90,86,22,36.6,98,169
1838,731,2024-04-29,90/84,93,16,36.6,95,144
1839,156,2024-11-25,141/92,74,14,36.6,100,92
1840,959,2023-01-17,149/78,62,10,36.9,99,70
1841,860,2024-07-25,149/66,85,19,37.1,94,132
1842,968,2024-12-19,117/76,87,19,35.6,95,135
1843,691,2024-04-16,129/81,60,17,37.2,100,89
1844,699,2023-05-11,137/98,53,23,36.7,98,83
1845,374,2024-10-21,112/72,60,17,37.2,95,79
1846,800,2024-01-26,125/68,78,14,35.8,98,83
1847,640,2024-10-16,140/78,64,15,37.2,100,117
1848,981,2023-05-29,108/80,73,15,36.5,96,129
1849,187,2024-12-30,137/80,93,18,36.0,97,144
1850,858,2025-02-08,112/73,85,14,36.9,97,76
1851,594,2025-02-21,106/63,58,18,37.2,96,70
1852,779,2024-08-18,142/91,85,10,36.9,99,127
1853,250,2023-08-10,123/72,68,20,36.8,95,151
1854,721,2025-04-26,143/96,92,12,36.8,99,70
1855,470,2025-04-18,96/87,87,25,36.5,94,95
1856,371,2023-05-31,136/76,76,13,37.2,99,75
1857,292,2024-01-06,109/73,50,12,35.7,99,130
1858,688,2024-09-02,114/82,91,19,37.6,98,143
1859,432,2025-03-19,121/78,85,18,36.3,96,102
1860,781,2025-01-13,90/76,60,13,36.2,99,113
1861,343,2023-12-22,121/76,90,19,36.5,100,94
1862,808,2023-07-24,124/74,69,13,36.9,98,70
1863,601,2025-01-12,131/97,65,13,36.6,100,86
1864,85,2022-10-23,156/69,77,10,36.1,97,108
1865,968,2024-06-07,144/73,81,10,37.1,100,131
1866,39,2023-04-07,140/79,79,15,36.6,96,108
1867,719,2025-01-31,128/89,80,19,36.2,100,92
1868,45,2025-02-28,90/76,83,16,35.6,98,103
1869,407,2023-05-15,100/85,72,10,36.9,98,145
1870,849,2022-10-21,102/77,90,12,37.1,100,109
1871,156,2024-03-06,116/73,64,17,35.2,96,79
1872,10,2025-04-08,100/81,52,20,37.1,100,84
1873,517,2025-04-06,124/88,73,13,36.7,97,70
1874,138,2024-03-25,90/70,50,12,37.3,94,113
1875,358,2023-10-14,144/64,101,15,37.3,98,86
1876,586,2023-05-06,90/68,85,22,35.9,97,86
1877,214,2023-06-24,128/80,69,18,36.3,98,123
1878,268,2022-12-27,105/76,66,17,36.8,96,110
1879,480,2022-10-21,90/88,88,13,36.2,97,72
1880,345,2023-09-05,104/83,87,17,38.0,100,122
1881,467,2022-12-07,133/80,82,16,37.1,97,90
1882,570,2022-10-12,143/75,60,13,37.0,100,73
1883,875,2024-10-13,132/81,91,18,37.2,98,74
1884,226,2024-06-17,106/82,82,14,37.6,99,70
1885,296,2023-12-07,117/69,103,10,36.8,98,124
1886,513,2023-05-10,126/100,88,10,37.3,98,142
1887,212,2024-05-08,113/69,56,20,37.0,96,70
1888,504,2022-11-06,141/60,107,10,36.6,98,110
1889,92,2023-09-03,126/81,68,15,36.3,98,70
1890,192,2025-01-19,126/79,87,14,36.9,99,95
1891,291,2023-10-03,127/66,95,13,36.5,95,76
1892,413,2024-01-12,152/81,70,14,36.6,99,105
1893,584,2025-02-05,124/70,70,16,36.6,97,84
1894,838,2024-08-24,128/84,89,16,35.6,100,99
1895,394,2024-09-03,111/79,69,12,36.9,97,97
1896,994,2022-11-04,90/77,58,13,36.7,96,85
1897,728,2023-12-09,121/74,59,10,36.8,96,70
1898,947,2024-03-12,144/83,57,13,37.1,97,87
1899,649,2024-04-08,135/78,93,14,36.3,98,128
1900,874,2024-07-23,124/81,62,12,37.1,100,131
1901,696,2023-01-09,135/84,81,16,36.9,97,116
1902,246,2023-01-29,138/67,91,15,37.3,100,70
1903,160,2025-04-16,120/61,69,17,37.0,98,113
1904,898,2024-10-09,105/79,66,17,37.3,97,70
1905,94,2022-09-17,123/87,61,20,36.3,96,70
1906,973,2023-12-20,125/98,80,13,36.9,99,134
1907,710,2024-12-18,95/95,78,23,36.7,99,71
1908,837,2023-07-06,139/69,79,14,36.6,100,89
1909,418,2024-03-02,142/75,76,24,36.7,97,104
1910,374,2024-12-11,113/69,105,14,35.8,97,110
1911,798,2023-11-26,115/79,72,17,37.0,97,177
1912,146,2024-06-26,140/79,55,16,37.0,99,70
1913,403,2023-11-05,122/75,97,16,35.5,98,70
1914,342,2024-08-12,129/105,95,17,36.3,100,119
1915,879,2022-11-11,114/74,61,17,36.4,98,127
1916,607,2022-10-29,111/86,93,17,36.9,98,100
1917,171,2023-05-03,136/96,87,15,36.5,97,128
1918,511,2023-06-24,109/69,82,16,37.3,93,106
1919,132,2024-07-16,111/88,70,13,37.1,100,97
1920,3,2025-03-30,118/92,92,20,36.4,96,149
1921,831,2025-04-04,132/72,73,16,36.5,97,136
1922,706,2022-11-20,130/102,94,16,37.3,98,172
1923,753,2023-06-18,113/84,65,14,36.4,100,106
1924,674,2024-12-16,90/80,60,14,37.2,95,70
1925,22,2023-10-28,90/76,50,10,36.5,98,72
1926,401,2023-06-29,127/81,83,11,37.6,95,81
1927,51,2025-02-10,130/81,87,14,36.0,94,153
1928,312,2023-06-27,113/78,102,14,36.6,95,70
1929,765,2024-04-18,157/99,90,19,37.0,96,108
1930,809,2025-04-22,109/60,91,18,35.9,97,131
1931,328,2025-02-10,122/63,56,23,36.6,100,155
1932,604,2025-04-15,110/83,50,13,36.9,97,113
1933,573,2023-03-17,138/85,79,16,36.3,96,140
1934,347,2024-07-27,135/72,75,10,36.4,99,107
1935,214,2023-01-17,122/71,58,19,37.4,99,94
1936,147,2023-12-19,144/71,90,13,36.3,97,96
1937,899,2025-01-12,138/66,65,16,36.9,94,76
1938,411,2022-09-05,90/73,68,18,35.5,99,84
1939,668,2024-10-14,113/89,95,13,36.3,97,79
1940,748,2025-03-12,91/79,65,16,37.5,97,77
1941,901,2023-07-19,114/81,72,13,35.8,99,73
1942,713,2023-04-28,149/76,67,14,36.7,96,79
1943,203,2024-09-11,132/69,83,19,36.9,98,70
1944,328,2022-11-01,95/66,69,16,36.0,97,120
1945,431,2022-12-26,100/71,92,12,36.8,100,70
1946,672,2022-10-21,97/77,76,13,37.6,99,75
1947,223,2024-04-14,92/79,81,23,36.6,97,70
1948,613,2023-05-11,127/90,50,16,36.1,95,150
1949,781,2023-01-08,137/73,72,14,36.0,96,123
1950,919,2024-10-16,108/84,66,11,37.2,93,153
1951,832,2025-04-26,139/81,68,14,36.7,98,71
1952,92,2022-10-24,121/82,70,24,36.5,94,70
1953,60,2025-03-12,134/72,60,21,36.7,96,70
1954,740,2025-04-01,132/80,94,11,36.4,98,137
1955,604,2025-03-17,125/72,94,14,36.7,99,146
1956,539,2023-01-20,127/105,73,17,36.3,98,108
1957,610,2023-09-15,140/84,67,17,36.3,99,83
1958,241,2025-03-03,92/68,57,13,36.2,97,88
1959,567,2024-02-10,130/83,70,20,36.1,100,104
1960,534,2025-01-13,112/91,83,11,36.8,98,130
1961,745,2025-05-06,131/86,68,15,36.5,94,138
1962,829,2022-09-19,97/82,70,15,36.9,96,113
1963,318,2022-12-17,129/72,88,21,37.6,97,105
1964,844,2023-11-12,125/86,101,17,36.9,95,161
1965,991,2025-03-25,110/60,50,17,36.0,98,70
1966,178,2023-11-17,126/85,77,13,37.0,97,94
1967,660,2022-09-11,109/77,103,15,36.0,96,91
1968,237,2024-05-31,104/89,53,15,37.1,96,113
1969,716,2022-09-08,119/79,82,10,37.2,94,134
1970,286,2025-03-04,128/84,99,20,37.0,97,89
1971,344,2023-10-31,136/84,79,15,36.4,95,119
1972,902,2022-09-17,116/77,50,16,35.9,97,123
1973,615,2023-03-27,121/78,64,13,37.4,99,86
1974,185,2023-08-09,117/82,81,15,35.7,97,97
1975,700,2025-03-19,161/106,84,13,36.9,94,84
1976,637,2023-04-13,90/85,56,14,36.6,97,85
1977,236,2025-03-20,126/67,101,11,36.6,99,120
1978,946,2024-08-14,135/64,61,16,36.8,100,84
1979,724,2024-09-26,101/74,108,22,36.5,100,82
1980,649,2024-02-10,139/66,80,20,36.4,99,83
1981,428,2024-03-01,126/75,87,10,36.1,100,70
1982,91,2024-09-03,107/78,80,14,36.0,100,131
1983,789,2024-03-08,112/62,79,16,36.3,94,91
1984,404,2024-11-16,135/89,74,13,37.0,95,70
1985,547,2022-10-14,118/95,98,10,36.4,100,79
1986,659,2025-04-14,152/89,92,14,36.4,96,123
1987,525,2023-02-22,90/78,99,18,37.1,94,70
1988,831,2025-02-14,143/81,59,18,36.3,100,117
1989,144,2024-12-20,101/88,99,15,36.2,98,81
1990,691,2023-07-29,114/66,88,11,36.9,97,106
1991,440,2023-11-24,110/81,81,14,35.7,98,111
1992,69,2024-05-17,91/70,69,10,37.0,97,108
1993,874,2022-12-06,98/100,53,14,37.2,95,102
1994,780,2023-10-02,132/64,64,16,36.8,96,155
1995,311,2023-03-03,129/87,85,10,36.5,97,92
1996,470,2022-11-06,124/60,76,14,35.5,98,70
1997,715,2024-08-20,112/77,50,10,36.9,96,88
1998,788,2024-01-27,121/62,68,15,37.5,96,123
1999,868,2025-05-06,119/68,65,19,37.0,96,110
2000,893,2024-05-19,99/78,68,19,36.8,96,82
